n,k,gamma,mu,a,cost
0,0,0.1,1,nan,0
0,1,0.1,1,nan,0.1
0,2,0.1,1,nan,1.1
0,3,0.1,1,nan,3
0,4,0.1,1,nan,5.8
0,5,0.1,1,nan,9.5
0,6,0.1,1,nan,14.1
0,7,0.1,1,nan,19.6
0,8,0.1,1,nan,26
0,9,0.1,1,nan,33.3
0,10,0.1,1,nan,41.5
0,11,0.1,1,nan,50.6
0,12,0.1,1,nan,60.6
0,13,0.1,1,nan,71.5
0,14,0.1,1,nan,83.3
0,15,0.1,1,nan,96
0,16,0.1,1,nan,109.6
0,17,0.1,1,nan,124.1
0,18,0.1,1,nan,139.5
0,19,0.1,1,nan,155.8
0,20,0.1,1,nan,173
1,0,0.1,1,0,0.1
1,1,0.1,1,2.302532542,0.430258509
1,2,0.1,1,3.651034628,1.433094591
1,3,0.1,1,4.667556072,3.247135341
1,4,0.1,1,5.560402468,5.87934841
1,5,0.1,1,6.407520678,9.330258567
1,6,0.1,1,7.238791271,13.60062301
1,7,0.1,1,8.065862995,18.69184676
1,8,0.1,1,8.893380988,24.60571273
1,9,0.1,1,9.723310079,31.34415692
1,10,0.1,1,10.55627069,38.90913799
1,11,0.1,1,11.3925758,47.30256882
1,12,0.1,1,12.23221785,56.52628346
1,13,0.1,1,13.07497841,66.5820231
1,14,0.1,1,13.92076976,77.4714324
1,15,0.1,1,14.76948726,89.19606111
1,16,0.1,1,15.62084534,101.7573684
1,17,0.1,1,16.47475152,115.1567285
1,18,0.1,1,17.33109558,129.3954363
1,19,0.1,1,18.18969422,144.4747138
2,0,0.1,1,0,0.430258509
2,1,0.1,1,2.305364265,0.760800226
2,2,0.1,1,3.632596816,1.761445583
2,3,0.1,1,4.628024353,3.571581143
2,4,0.1,1,5.500510006,6.197402877
2,5,0.1,1,6.328426831,9.639102369
2,6,0.1,1,7.141635684,13.89735642
2,7,0.1,1,7.951499872,18.9736157
2,8,0.1,1,8.76254839,24.86976568
2,9,0.1,1,9.576627046,31.58786795
2,10,0.1,1,10.39431515,39.13001319
2,11,0.1,1,11.21577386,47.4982448
2,12,0.1,1,12.04091969,56.69452192
2,13,0.1,1,0,77.4714324
2,14,0.1,1,0,89.19606111
2,15,0.1,1,0,101.7573684
2,16,0.1,1,0,115.1567285
2,17,0.1,1,0,129.3954363
2,18,0.1,1,0,144.4747138
3,0,0.1,1,0,0.760800226
3,1,0.1,1,2.3031775,1.09112325
3,2,0.1,1,3.629670881,2.091615153
3,3,0.1,1,4.624410558,3.901494904
3,4,0.1,1,5.496325361,6.526949091
3,5,0.1,1,6.323648989,9.968169278
3,6,0.1,1,7.136298712,14.22583601
3,7,0.1,1,7.945628596,19.30140475
3,8,0.1,1,8.756181381,25.19676594
3,9,0.1,1,9.569726536,31.9139861
3,10,0.1,1,10.38688194,39.45516071
3,11,0.1,1,11.20781659,47.82233773
3,12,0.1,1,12.0326962,57.01754462
3,13,0.1,1,12.86174122,67.04284215
3,14,0.1,1,13.69536755,77.90034553
3,15,0.1,1,14.5340027,89.59220225
3,16,0.1,1,15.377957,102.1205427
3,17,0.1,1,16.22731809,115.4874244
4,0,0.1,1,0,1.09112325
4,1,0.1,1,2.303024516,1.421430938
4,2,0.1,1,3.629470671,2.421912546
4,3,0.1,1,4.62416972,4.231775644
4,4,0.1,1,5.496053419,6.857206666
4,5,0.1,1,6.323344359,10.29839762
4,6,0.1,1,7.135971255,14.55602963
4,7,0.1,1,7.945296517,19.63155869
4,8,0.1,1,8.755824285,25.52687572
4,9,0.1,1,9.569325778,32.24404765
4,10,0.1,1,10.38645403,39.78517027
4,11,0.1,1,11.2074039,48.15229187
4,12,0.1,1,12.03203698,57.34737623
4,13,0.1,1,0,77.90034553
4,14,0.1,1,0,89.59220225
4,15,0.1,1,0,102.1205427
4,16,0.1,1,0,115.4874244
5,0,0.1,1,0,1.421430938
5,1,0.1,1,2.303014191,1.751737596
5,2,0.1,1,3.629457128,2.752218528
5,3,0.1,1,4.624155029,4.562080537
5,4,0.1,1,5.496037284,7.187510059
5,5,0.1,1,6.32332636,10.62869914
5,6,0.1,1,7.135946534,14.88632894
5,7,0.1,1,7.94526111,19.96185551
5,8,0.1,1,8.755786382,25.85716979
5,9,0.1,1,9.569321658,32.57433873
5,10,0.1,1,10.38644947,40.11545817
5,11,0.1,1,11.20739455,48.4825764
5,12,0.1,1,12.0321844,57.67771986
5,13,0.1,1,12.86123428,67.70294553
5,14,0.1,1,13.69476573,78.56036152
5,15,0.1,1,14.53330444,90.2521053
6,0,0.1,1,0,1.751737596
6,1,0.1,1,2.303013477,2.082044187
6,2,0.1,1,3.629456396,3.082525074
6,3,0.1,1,4.624152384,4.892387013
6,4,0.1,1,5.496034782,7.517816437
6,5,0.1,1,6.323323988,10.95900539
6,6,0.1,1,7.135950161,15.21663505
6,7,0.1,1,7.945254744,20.29216146
6,8,0.1,1,8.755803045,26.18747556
6,9,0.1,1,9.569331246,32.90464431
6,10,0.1,1,10.38645953,40.44576355
6,11,0.1,1,11.20737095,48.81288156
6,12,0.1,1,12.03199848,58.00796216
6,13,0.1,1,0,78.56036152
6,14,0.1,1,0,90.2521053
7,0,0.1,1,0,2.082044187
7,1,0.1,1,2.303013599,2.412350774
7,2,0.1,1,3.629455998,3.412831658
7,3,0.1,1,4.624152005,5.222693592
7,4,0.1,1,5.49603677,7.84812301
7,5,0.1,1,6.323322374,11.28931196
7,6,0.1,1,7.135943468,15.54694161
7,7,0.1,1,7.945276179,20.622468
7,8,0.1,1,8.755798026,26.51778209
7,9,0.1,1,9.569310565,33.23495083
7,10,0.1,1,10.38646186,40.77607005
7,11,0.1,1,11.20735946,49.14318806
7,12,0.1,1,12.03220392,58.33833127
7,13,0.1,1,12.86117653,68.36355667
8,0,0.1,1,0,2.412350774
8,1,0.1,1,2.303013039,2.74265736
8,2,0.1,1,3.629456253,3.743138244
8,3,0.1,1,4.624152778,5.553000178
8,4,0.1,1,5.496035391,8.178429595
8,5,0.1,1,6.323320011,11.61961854
8,6,0.1,1,7.135949844,15.87724819
8,7,0.1,1,7.945259769,20.95277459
8,8,0.1,1,8.755795399,26.84808868
8,9,0.1,1,9.569297237,33.56525741
8,10,0.1,1,10.38645998,41.10637663
8,11,0.1,1,11.20736482,49.47349464
8,12,0.1,1,12.03203621,58.66857522
9,0,0.1,1,0,2.74265736
9,1,0.1,1,2.303013452,3.072963946
9,2,0.1,1,3.629456097,4.07344483
9,3,0.1,1,4.624151917,5.883306764
9,4,0.1,1,5.496035953,8.508736181
9,5,0.1,1,6.323326183,11.94992513
9,6,0.1,1,7.135948081,16.20755478
9,7,0.1,1,7.945279568,21.28308117
9,8,0.1,1,8.755766734,27.17839526
9,9,0.1,1,9.569310683,33.895564
9,10,0.1,1,10.3864291,41.43668322
9,11,0.1,1,11.20735118,49.80380122
10,0,0.1,1,0,3.072963946
10,1,0.1,1,2.303012693,3.403270533
10,2,0.1,1,3.629456289,4.403751416
10,3,0.1,1,4.624152511,6.21361335
10,4,0.1,1,5.496033925,8.839042768
10,5,0.1,1,6.323325811,12.28023171
10,6,0.1,1,7.135948097,16.53786137
10,7,0.1,1,7.945266097,21.61338776
10,8,0.1,1,8.755787918,27.50870185
10,9,0.1,1,9.569287119,34.22587059
10,10,0.1,1,10.38643359,41.76698981
11,0,0.1,1,0,3.403270533
11,1,0.1,1,2.303012625,3.733577119
11,2,0.1,1,3.629455368,4.734058003
11,3,0.1,1,4.624152869,6.543919936
11,4,0.1,1,5.496036097,9.169349354
11,5,0.1,1,6.323320335,12.6105383
11,6,0.1,1,7.135950299,16.86816795
11,7,0.1,1,7.945273356,21.94369434
11,8,0.1,1,8.755783543,27.83900843
11,9,0.1,1,9.569319583,34.55617717
12,0,0.1,1,0,3.733577119
12,1,0.1,1,2.30301284,4.063883705
12,2,0.1,1,3.629455981,5.064364589
12,3,0.1,1,4.624154103,6.874226523
12,4,0.1,1,5.496034113,9.49965594
12,5,0.1,1,6.323326844,12.94084489
12,6,0.1,1,7.135945164,17.19847454
12,7,0.1,1,7.945309271,22.27400093
12,8,0.1,1,8.755813784,28.16931502
13,0,0.1,1,0,4.063883705
13,1,0.1,1,2.303013019,4.394190291
13,2,0.1,1,3.629457751,5.394671175
13,3,0.1,1,4.624151861,7.204533109
13,4,0.1,1,5.496036176,9.829962526
13,5,0.1,1,6.323323657,13.27115147
13,6,0.1,1,7.135945457,17.52878112
13,7,0.1,1,7.945318557,22.60430752
14,0,0.1,1,0,4.394190291
14,1,0.1,1,2.303013353,4.724496878
14,2,0.1,1,3.629455861,5.724977761
14,3,0.1,1,4.624152014,7.534839695
14,4,0.1,1,5.496036488,10.16026911
14,5,0.1,1,6.323325533,13.60145806
14,6,0.1,1,7.135946157,17.85908771
15,0,0.1,1,0,4.724496878
15,1,0.1,1,2.30301331,5.054803464
15,2,0.1,1,3.629458016,6.055284348
15,3,0.1,1,4.62415408,7.865146281
15,4,0.1,1,5.496036149,10.4905757
15,5,0.1,1,6.323322902,13.93176465
16,0,0.1,1,0,5.054803464
16,1,0.1,1,2.303013299,5.38511005
16,2,0.1,1,3.62945511,6.385590934
16,3,0.1,1,4.624153581,8.195452868
16,4,0.1,1,5.496035908,10.82088229
17,0,0.1,1,0,5.38511005
17,1,0.1,1,2.303012091,5.715416636
17,2,0.1,1,3.629456192,6.71589752
17,3,0.1,1,4.624152151,8.525759454
18,0,0.1,1,0,5.715416636
18,1,0.1,1,2.303013298,6.045723223
18,2,0.1,1,3.629456075,7.046204106
19,0,0.1,1,0,6.045723223
19,1,0.1,1,2.303012962,6.376029809
20,0,0.1,1,0,6.376029809
0,0,0.2,1,nan,0
0,1,0.2,1,nan,0.2
0,2,0.2,1,nan,1.2
0,3,0.2,1,nan,3
0,4,0.2,1,nan,5.6
0,5,0.2,1,nan,9
0,6,0.2,1,nan,13.2
0,7,0.2,1,nan,18.2
0,8,0.2,1,nan,24
0,9,0.2,1,nan,30.6
0,10,0.2,1,nan,38
0,11,0.2,1,nan,46.2
0,12,0.2,1,nan,55.2
0,13,0.2,1,nan,65
0,14,0.2,1,nan,75.6
0,15,0.2,1,nan,87
0,16,0.2,1,nan,99.2
0,17,0.2,1,nan,112.2
0,18,0.2,1,nan,126
0,19,0.2,1,nan,140.6
0,20,0.2,1,nan,156
1,0,0.2,1,0,0.2
1,1,0.2,1,1.609405731,0.721887583
1,2,0.2,1,2.961023238,1.770272361
1,3,0.2,1,4.072797828,3.510561416
1,4,0.2,1,5.06436866,5.96606661
1,5,0.2,1,5.992894749,9.144195265
1,6,0.2,1,6.887229911,13.04860461
1,7,0.2,1,7.762746395,17.68185606
1,8,0.2,1,8.627898525,23.04612204
1,9,0.2,1,9.487508092,29.1433875
1,10,0.2,1,10.34436457,35.97550839
1,11,0.2,1,11.20011035,43.54422955
1,12,0.2,1,12.05594448,51.85119212
1,13,0.2,1,12.91235724,60.89793887
1,14,0.2,1,13.7697553,70.68591966
1,15,0.2,1,14.62842948,81.21649733
1,16,0.2,1,15.48849097,92.49095367
1,17,0.2,1,16.35004841,104.5104955
1,18,0.2,1,17.21310024,117.2762602
1,19,0.2,1,18.07765068,130.7893216
2,0,0.2,1,0,0.721887583
2,1,0.2,1,1.656653483,1.2532253
2,2,0.2,1,2.984882645,2.29893868
2,3,0.2,1,4.074024686,4.035843656
2,4,0.2,1,5.043403505,6.486237765
2,5,0.2,1,5.950305897,9.657042981
2,6,0.2,1,6.823813529,13.5517043
2,7,0.2,1,7.679476342,18.17272623
2,8,0.2,1,8.525618526,23.52231129
2,9,0.2,1,9.367056164,29.60252061
2,10,0.2,1,10.20651624,36.41530856
2,11,0.2,1,11.04563448,43.96252725
2,12,0.2,1,11.885263,52.24592639
2,13,0.2,1,0,70.68591966
2,14,0.2,1,0,81.21649733
2,15,0.2,1,0,92.49095367
2,16,0.2,1,0,104.5104955
2,17,0.2,1,0,117.2762602
2,18,0.2,1,0,130.7893216
3,0,0.2,1,0,1.2532253
3,1,0.2,1,1.654102316,1.784052745
3,2,0.2,1,2.981697597,2.829566349
3,3,0.2,1,4.070284693,4.566193427
3,4,0.2,1,5.039174219,7.016225657
3,5,0.2,1,5.945591029,10.18658569
3,6,0.2,1,6.81863856,14.0807207
3,7,0.2,1,7.673829665,18.70113795
3,8,0.2,1,8.519516781,24.05004294
3,9,0.2,1,9.360482833,30.12949974
3,10,0.2,1,10.19946469,36.94146568
3,11,0.2,1,11.03807468,44.48779576
3,12,0.2,1,11.87750828,52.7703079
3,13,0.2,1,12.71877891,61.79084656
3,14,0.2,1,13.56278744,71.5513024
3,15,0.2,1,14.41032257,82.05358912
3,16,0.2,1,15.26204659,93.29959711
3,17,0.2,1,16.11826162,105.2911437
4,0,0.2,1,0,1.784052745
4,1,0.2,1,1.653911471,2.314841978
4,2,0.2,1,2.981452147,3.360339361
4,3,0.2,1,4.069997608,5.096945083
4,4,0.2,1,5.038854671,7.546950457
4,5,0.2,1,5.94524334,10.71727853
4,6,0.2,1,6.818260288,14.61137699
4,7,0.2,1,7.673424818,19.23175359
4,8,0.2,1,8.519102845,24.58061428
4,9,0.2,1,9.360048342,30.66002351
4,10,0.2,1,10.19899034,37.47193894
4,11,0.2,1,11.03761419,45.01821584
4,12,0.2,1,11.87686489,53.30060694
4,13,0.2,1,0,71.5513024
4,14,0.2,1,0,82.05358912
4,15,0.2,1,0,93.29959711
4,16,0.2,1,0,105.2911437
5,0,0.2,1,0,2.314841978
5,1,0.2,1,1.653895522,2.845628108
5,2,0.2,1,2.981432568,3.891124235
5,3,0.2,1,4.069974098,5.627728309
5,4,0.2,1,5.038829371,8.077731627
5,5,0.2,1,5.945217048,11.24805728
5,6,0.2,1,6.818234264,15.14215299
5,7,0.2,1,7.673395757,19.76252657
5,8,0.2,1,8.519075925,25.11138399
5,9,0.2,1,9.360013914,31.19078975
5,10,0.2,1,10.19899604,38.00270152
5,11,0.2,1,11.03761075,45.5489746
5,12,0.2,1,11.87696706,53.83142588
5,13,0.2,1,12.71823264,62.85189624
5,14,0.2,1,13.56210976,72.61226983
5,15,0.2,1,14.40960031,83.11445146
6,0,0.2,1,0,2.845628108
6,1,0.2,1,1.653894549,3.376413998
6,2,0.2,1,2.981430865,4.421910027
6,3,0.2,1,4.069971935,6.158513975
6,4,0.2,1,5.038827533,8.608517135
6,5,0.2,1,5.945210871,11.7788426
6,6,0.2,1,6.818235236,15.6729381
6,7,0.2,1,7.673396483,20.29331145
6,8,0.2,1,8.519075955,25.64216862
6,9,0.2,1,9.360007347,31.72157411
6,10,0.2,1,10.19894754,38.53348561
6,11,0.2,1,11.03761549,46.0797584
6,12,0.2,1,11.87681334,54.36214524
6,13,0.2,1,0,72.61226983
6,14,0.2,1,0,83.11445146
7,0,0.2,1,0,3.376413998
7,1,0.2,1,1.653894759,3.907199869
7,2,0.2,1,2.981431136,4.952695891
7,3,0.2,1,4.069972476,6.689299829
7,4,0.2,1,5.038824177,9.139302977
7,5,0.2,1,5.945211158,12.30962843
7,6,0.2,1,6.818230343,16.20372391
7,7,0.2,1,7.673391446,20.82409724
7,8,0.2,1,8.519070945,26.17295439
7,9,0.2,1,9.359995657,32.25235987
7,10,0.2,1,10.19896592,39.06427134
7,11,0.2,1,11.03756585,46.61054411
7,12,0.2,1,11.87697169,54.89299506
7,13,0.2,1,12.7182091,63.91346507
8,0,0.2,1,0,3.907199869
8,1,0.2,1,1.653894842,4.437985738
8,2,0.2,1,2.981431282,5.48348176
8,3,0.2,1,4.069972368,7.220085697
8,4,0.2,1,5.038826269,9.670088844
8,5,0.2,1,5.945211289,12.84041429
8,6,0.2,1,6.818229699,16.73450978
8,7,0.2,1,7.673397548,21.3548831
8,8,0.2,1,8.519063729,26.70374026
8,9,0.2,1,9.360020083,32.78314573
8,10,0.2,1,10.19895534,39.5950572
8,11,0.2,1,11.03759892,47.14132997
8,12,0.2,1,11.8767871,55.42371679
9,0,0.2,1,0,4.437985738
9,1,0.2,1,1.653894434,4.968771608
9,2,0.2,1,2.981431196,6.01426763
9,3,0.2,1,4.069972552,7.750871566
9,4,0.2,1,5.038824951,10.20087471
9,5,0.2,1,5.945211744,13.37120016
9,6,0.2,1,6.818225628,17.26529564
9,7,0.2,1,7.673382767,21.88566897
9,8,0.2,1,8.519055418,27.23452613
9,9,0.2,1,9.359990786,33.3139316
9,10,0.2,1,10.19897249,40.12584307
9,11,0.2,1,11.03763016,47.67211583
10,0,0.2,1,0,4.968771608
10,1,0.2,1,1.653894527,5.499557478
10,2,0.2,1,2.981430656,6.545053499
10,3,0.2,1,4.069973141,8.281657436
10,4,0.2,1,5.038826481,10.73166058
10,5,0.2,1,5.945212259,13.90198603
10,6,0.2,1,6.81823378,17.79608151
10,7,0.2,1,7.673389785,22.41645484
10,8,0.2,1,8.51906306,27.76531199
10,9,0.2,1,9.360015181,33.84471747
10,10,0.2,1,10.19895431,40.65662894
11,0,0.2,1,0,5.499557478
11,1,0.2,1,1.653894623,6.030343347
11,2,0.2,1,2.981429594,7.075839369
11,3,0.2,1,4.069972388,8.812443306
11,4,0.2,1,5.038827271,11.26244645
11,5,0.2,1,5.945211389,14.4327719
11,6,0.2,1,6.818227689,18.32686738
11,7,0.2,1,7.673380062,22.94724071
11,8,0.2,1,8.519041521,28.29609786
11,9,0.2,1,9.360022309,34.37550334
12,0,0.2,1,0,6.030343347
12,1,0.2,1,1.653894031,6.561129217
12,2,0.2,1,2.981430624,7.606625239
12,3,0.2,1,4.069972219,9.343229175
12,4,0.2,1,5.038828364,11.79323232
12,5,0.2,1,5.945216535,14.96355777
12,6,0.2,1,6.818235111,18.85765325
12,7,0.2,1,7.67338567,23.47802658
12,8,0.2,1,8.519064077,28.82688373
13,0,0.2,1,0,6.561129217
13,1,0.2,1,1.653894502,7.091915086
13,2,0.2,1,2.981431782,8.137411108
13,3,0.2,1,4.069971325,9.874015045
13,4,0.2,1,5.038827884,12.32401819
13,5,0.2,1,5.945213593,15.49434364
13,6,0.2,1,6.818227553,19.38843912
13,7,0.2,1,7.673384684,24.00881245
14,0,0.2,1,0,7.091915086
14,1,0.2,1,1.653894136,7.622700956
14,2,0.2,1,2.981430677,8.668196978
14,3,0.2,1,4.069972544,10.40480091
14,4,0.2,1,5.038825695,12.85480406
14,5,0.2,1,5.945212106,16.02512951
14,6,0.2,1,6.818231588,19.91922499
15,0,0.2,1,0,7.622700956
15,1,0.2,1,1.65389444,8.153486825
15,2,0.2,1,2.981430541,9.198982847
15,3,0.2,1,4.069972849,10.93558678
15,4,0.2,1,5.038828501,13.38558993
15,5,0.2,1,5.945210288,16.55591538
16,0,0.2,1,0,8.153486825
16,1,0.2,1,1.653894544,8.684272695
16,2,0.2,1,2.981429069,9.729768717
16,3,0.2,1,4.069972091,11.46637265
16,4,0.2,1,5.038829237,13.9163758
17,0,0.2,1,0,8.684272695
17,1,0.2,1,1.65389381,9.215058565
17,2,0.2,1,2.981431003,10.26055459
17,3,0.2,1,4.069972977,11.99715852
18,0,0.2,1,0,9.215058565
18,1,0.2,1,1.653894544,9.745844434
18,2,0.2,1,2.981431257,10.79134046
19,0,0.2,1,0,9.745844434
19,1,0.2,1,1.653894576,10.2766303
20,0,0.2,1,0,10.2766303
0,0,0.3,1,nan,0
0,1,0.3,1,nan,0.3
0,2,0.3,1,nan,1.3
0,3,0.3,1,nan,3
0,4,0.3,1,nan,5.4
0,5,0.3,1,nan,8.5
0,6,0.3,1,nan,12.3
0,7,0.3,1,nan,16.8
0,8,0.3,1,nan,22
0,9,0.3,1,nan,27.9
0,10,0.3,1,nan,34.5
0,11,0.3,1,nan,41.8
0,12,0.3,1,nan,49.8
0,13,0.3,1,nan,58.5
0,14,0.3,1,nan,67.9
0,15,0.3,1,nan,78
0,16,0.3,1,nan,88.8
0,17,0.3,1,nan,100.3
0,18,0.3,1,nan,112.5
0,19,0.3,1,nan,125.4
0,20,0.3,1,nan,139
1,0,0.3,1,0,0.3
1,1,0.3,1,1.203972307,0.961191841
1,2,0.3,1,2.483960059,2.051324853
1,3,0.3,1,3.611162366,3.724034948
1,4,0.3,1,4.640350655,6.010516692
1,5,0.3,1,5.610154283,8.922780449
1,6,0.3,1,6.542880838,12.46690925
1,7,0.3,1,7.452109283,16.64671331
1,8,0.3,1,8.346165681,21.46497364
1,9,0.3,1,9.230361374,26.92393339
1,10,0.3,1,10.10821434,33.02551419
1,11,0.3,1,10.98205674,39.77142099
1,12,0.3,1,11.85330275,47.16319776
1,13,0.3,1,12.72320921,55.2022603
1,14,0.3,1,13.59241261,63.88991732
1,15,0.3,1,14.46143673,73.22738536
1,16,0.3,1,15.33071652,83.21579998
1,17,0.3,1,16.20042245,93.85622468
1,18,0.3,1,17.07093957,105.1496583
1,19,0.3,1,17.94201236,117.0970411
2,0,0.3,1,0,0.961191841
2,1,0.3,1,1.29027193,1.648273598
2,2,0.3,1,2.55107831,2.735886852
2,3,0.3,1,3.654483794,4.405649938
2,4,0.3,1,4.660441181,6.688112126
2,5,0.3,1,5.607489876,9.594734656
2,6,0.3,1,6.518133403,13.13131791
2,7,0.3,1,7.405968255,17.30154569
2,8,0.3,1,8.279463014,22.10816603
2,9,0.3,1,9.143883921,27.55344478
2,10,0.3,1,10.00280065,33.63935841
2,11,0.3,1,10.85837198,40.3676841
2,12,0.3,1,11.71213525,47.74004643
2,13,0.3,1,0,63.88991732
2,14,0.3,1,0,73.22738536
2,15,0.3,1,0,83.21579998
2,16,0.3,1,0,93.85622468
2,17,0.3,1,0,105.1496583
2,18,0.3,1,0,117.0970411
3,0,0.3,1,0,1.648273598
3,1,0.3,1,1.287957728,2.334661125
3,2,0.3,1,2.548027354,3.422039703
3,3,0.3,1,3.650952369,5.091532488
3,4,0.3,1,4.656453217,7.373666561
3,5,0.3,1,5.603127106,10.27990147
3,6,0.3,1,6.513326934,13.8160382
3,7,0.3,1,7.400771556,17.98576184
3,8,0.3,1,8.273819929,22.79182194
3,9,0.3,1,9.137884532,28.23648599
3,10,0.3,1,9.996349924,34.32173215
3,11,0.3,1,10.85149678,41.04933931
3,12,0.3,1,11.70504263,48.42100086
3,13,0.3,1,12.55849565,56.43840641
3,14,0.3,1,13.41308826,65.10326671
3,15,0.3,1,14.27005122,74.41729454
3,16,0.3,1,15.12999416,84.38216528
3,17,0.3,1,15.99352579,94.99947577
4,0,0.3,1,0,2.334661125
4,1,0.3,1,1.287742007,3.020983914
4,2,0.3,1,2.547743908,4.10834093
4,3,0.3,1,3.650630552,5.777809886
4,4,0.3,1,4.656099841,8.059916102
4,5,0.3,1,5.602743349,10.9661193
4,6,0.3,1,6.512913717,14.50222086
4,7,0.3,1,7.400334334,18.67190622
4,8,0.3,1,8.273383988,23.4779253
4,9,0.3,1,9.13743016,28.9225459
4,10,0.3,1,9.995843931,35.00774642
4,11,0.3,1,10.85099573,41.73530597
4,12,0.3,1,11.70434469,49.10685102
4,13,0.3,1,0,65.10326671
4,14,0.3,1,0,74.41729454
4,15,0.3,1,0,84.38216528
4,16,0.3,1,0,94.99947577
5,0,0.3,1,0,3.020983914
5,1,0.3,1,1.28772256,3.707300754
5,2,0.3,1,2.547718548,4.794655867
5,3,0.3,1,3.650601751,6.464122735
5,4,0.3,1,4.656068285,8.746226528
5,5,0.3,1,5.602707502,11.65242699
5,6,0.3,1,6.512883415,15.18852554
5,7,0.3,1,7.400305979,19.35820766
5,8,0.3,1,8.27334485,24.1642233
5,9,0.3,1,9.137386141,29.60884028
5,10,0.3,1,9.995830959,35.69403704
5,11,0.3,1,10.850951,42.4215927
5,12,0.3,1,11.70448428,49.79319964
5,13,0.3,1,12.55791099,57.81054417
5,14,0.3,1,13.41248904,66.47533124
5,15,0.3,1,14.26935402,75.78926602
6,0,0.3,1,0,3.707300754
6,1,0.3,1,1.287720447,4.393617069
6,2,0.3,1,2.547716304,5.480972015
6,3,0.3,1,3.650599119,7.150438701
6,4,0.3,1,4.656065414,9.432542282
6,5,0.3,1,5.602700718,12.33874251
6,6,0.3,1,6.512882221,15.8748408
6,7,0.3,1,7.400292455,20.04452263
6,8,0.3,1,8.27333299,24.85053798
6,9,0.3,1,9.137383104,30.29515464
6,10,0.3,1,9.995829094,36.38035107
6,11,0.3,1,10.85095621,43.1079064
6,12,0.3,1,11.70425147,50.47944711
6,13,0.3,1,0,66.47533124
6,14,0.3,1,0,75.78926602
7,0,0.3,1,0,4.393617069
7,1,0.3,1,1.28772006,5.079933338
7,2,0.3,1,2.547715854,6.16728827
7,3,0.3,1,3.650598372,7.836754939
7,4,0.3,1,4.656064666,10.1188585
7,5,0.3,1,5.602706556,13.02505871
7,6,0.3,1,6.512877757,16.56115697
7,7,0.3,1,7.400293852,20.73083879
7,8,0.3,1,8.273348901,25.5368541
7,9,0.3,1,9.137378052,30.98147074
7,10,0.3,1,9.995835284,37.06666714
7,11,0.3,1,10.8509567,43.79422244
7,12,0.3,1,11.70445376,51.165829
7,13,0.3,1,12.55792272,59.18317313
8,0,0.3,1,0,5.079933338
8,1,0.3,1,1.287720342,5.766249603
8,2,0.3,1,2.547715972,6.853604533
8,3,0.3,1,3.650599213,8.523071202
8,4,0.3,1,4.656065352,10.80517476
8,5,0.3,1,5.602705053,13.71137497
8,6,0.3,1,6.512880676,17.24747323
8,7,0.3,1,7.400305464,21.41715504
8,8,0.3,1,8.273356514,26.22317035
8,9,0.3,1,9.13736652,31.66778699
8,10,0.3,1,9.995822417,37.75298339
8,11,0.3,1,10.8509462,44.48053869
8,12,0.3,1,11.70432252,51.85207937
9,0,0.3,1,0,5.766249603
9,1,0.3,1,1.287720327,6.452565868
9,2,0.3,1,2.547715873,7.539920798
9,3,0.3,1,3.650598504,9.209387466
9,4,0.3,1,4.656064041,11.49149103
9,5,0.3,1,5.602707777,14.39769123
9,6,0.3,1,6.512880558,17.93378949
9,7,0.3,1,7.400288183,22.1034713
9,8,0.3,1,8.273341019,26.90948662
9,9,0.3,1,9.13737802,32.35410325
9,10,0.3,1,9.995812174,38.43929966
9,11,0.3,1,10.85090995,45.16685495
10,0,0.3,1,0,6.452565868
10,1,0.3,1,1.287720082,7.138882132
10,2,0.3,1,2.54771541,8.226237062
10,3,0.3,1,3.65059915,9.895703731
10,4,0.3,1,4.65606454,12.17780729
10,5,0.3,1,5.602702093,15.0840075
10,6,0.3,1,6.512878497,18.62010576
10,7,0.3,1,7.400305605,22.78978757
10,8,0.3,1,8.273334959,27.59580288
10,9,0.3,1,9.137385763,33.04041952
10,10,0.3,1,9.995808984,39.12561592
11,0,0.3,1,0,7.138882132
11,1,0.3,1,1.287720307,7.825198397
11,2,0.3,1,2.547715681,8.912553327
11,3,0.3,1,3.650599867,10.58202
11,4,0.3,1,4.656063216,12.86412356
11,5,0.3,1,5.602703858,15.77032376
11,6,0.3,1,6.512878703,19.30642202
11,7,0.3,1,7.400299405,23.47610383
11,8,0.3,1,8.273363643,28.28211915
11,9,0.3,1,9.137379413,33.72673578
12,0,0.3,1,0,7.825198397
12,1,0.3,1,1.287720428,8.511514661
12,2,0.3,1,2.54771587,9.598869591
12,3,0.3,1,3.650599901,11.26833626
12,4,0.3,1,4.65606801,13.55043982
12,5,0.3,1,5.602704453,16.45664002
12,6,0.3,1,6.512875593,19.99273829
12,7,0.3,1,7.400303484,24.1624201
12,8,0.3,1,8.273323194,28.96843541
13,0,0.3,1,0,8.511514661
13,1,0.3,1,1.287720457,9.197830926
13,2,0.3,1,2.547715408,10.28518586
13,3,0.3,1,3.650599069,11.95465252
13,4,0.3,1,4.656064521,14.23675609
13,5,0.3,1,5.602700509,17.14295629
13,6,0.3,1,6.512879507,20.67905455
13,7,0.3,1,7.400295602,24.84873636
14,0,0.3,1,0,9.197830926
14,1,0.3,1,1.287720383,9.88414719
14,2,0.3,1,2.547716587,10.97150212
14,3,0.3,1,3.650598333,12.64096879
14,4,0.3,1,4.65606385,14.92307235
14,5,0.3,1,5.602701515,17.82927255
14,6,0.3,1,6.512876316,21.36537082
15,0,0.3,1,0,9.88414719
15,1,0.3,1,1.287720988,10.57046345
15,2,0.3,1,2.547715069,11.65781838
15,3,0.3,1,3.650598358,13.32728505
15,4,0.3,1,4.65606603,15.60938861
15,5,0.3,1,5.60270307,18.51558882
16,0,0.3,1,0,10.57046345
16,1,0.3,1,1.287720428,11.25677972
16,2,0.3,1,2.54771642,12.34413465
16,3,0.3,1,3.650597473,14.01360132
16,4,0.3,1,4.656062397,16.29570488
17,0,0.3,1,0,11.25677972
17,1,0.3,1,1.287720267,11.94309598
17,2,0.3,1,2.547716275,13.03045091
17,3,0.3,1,3.650600326,14.69991758
18,0,0.3,1,0,11.94309598
18,1,0.3,1,1.287720428,12.62941225
18,2,0.3,1,2.547715906,13.71676718
19,0,0.3,1,0,12.62941225
19,1,0.3,1,1.287720383,13.31572851
20,0,0.3,1,0,13.31572851
0,0,0.4,1,nan,0
0,1,0.4,1,nan,0.4
0,2,0.4,1,nan,1.4
0,3,0.4,1,nan,3
0,4,0.4,1,nan,5.2
0,5,0.4,1,nan,8
0,6,0.4,1,nan,11.4
0,7,0.4,1,nan,15.4
0,8,0.4,1,nan,20
0,9,0.4,1,nan,25.2
0,10,0.4,1,nan,31
0,11,0.4,1,nan,37.4
0,12,0.4,1,nan,44.4
0,13,0.4,1,nan,52
0,14,0.4,1,nan,60.2
0,15,0.4,1,nan,69
0,16,0.4,1,nan,78.4
0,17,0.4,1,nan,88.4
0,18,0.4,1,nan,99
0,19,0.4,1,nan,110.2
0,20,0.4,1,nan,122
1,0,0.4,1,0,0.4
1,1,0.4,1,0.916281955,1.166516293
1,2,0.4,1,2.096663505,2.289139823
1,3,0.4,1,3.206230774,3.89461998
1,4,0.4,1,4.245154033,6.015365421
1,5,0.4,1,5.234837413,8.665796645
1,6,0.4,1,6.190753585,11.85358722
1,7,0.4,1,7.123196815,15.58349985
1,8,0.4,1,8.039198092,19.85885429
1,9,0.4,1,8.943538079,24.68217236
1,10,0.4,1,9.839603349,30.05549255
1,11,0.4,1,10.72975695,35.98053658
1,12,0.4,1,11.61577415,42.45880389
1,13,0.4,1,12.49879284,49.49162875
1,14,0.4,1,13.37986861,57.08021679
1,15,0.4,1,14.25960209,65.22566959
1,16,0.4,1,15.13852394,73.92900217
1,17,0.4,1,16.01704052,83.19115579
1,18,0.4,1,16.89542743,93.01300782
1,19,0.4,1,17.77386468,103.3953795
2,0,0.4,1,0,1.166516293
2,1,0.4,1,1.031948531,1.979299939
2,2,0.4,1,2.205107695,3.101249433
2,3,0.4,1,3.291721762,4.704305554
2,4,0.4,1,4.306982818,6.821868448
2,5,0.4,1,5.273432149,9.467968193
2,6,0.4,1,6.206637219,12.65000291
2,7,0.4,1,7.117006074,16.37258322
2,8,0.4,1,8.011641496,20.63895933
2,9,0.4,1,8.895270362,25.4516367
2,10,0.4,1,9.771349853,30.81267124
2,11,0.4,1,10.64223372,36.72382292
2,12,0.4,1,11.50961947,43.1866418
2,13,0.4,1,0,57.08021679
2,14,0.4,1,0,65.22566959
2,15,0.4,1,0,73.92900217
2,16,0.4,1,0,83.19115579
2,17,0.4,1,0,93.01300782
2,18,0.4,1,0,103.3953795
3,0,0.4,1,0,1.979299939
3,1,0.4,1,1.031347962,2.791843349
3,2,0.4,1,2.203621123,3.913527381
3,3,0.4,1,3.28964357,5.516339984
3,4,0.4,1,4.304407703,7.633635651
3,5,0.4,1,5.270397179,10.27943275
3,6,0.4,1,6.203143804,13.46112525
3,7,0.4,1,7.113097076,17.18332227
3,8,0.4,1,8.007249375,21.4492737
3,9,0.4,1,8.890497631,26.26148533
3,10,0.4,1,9.766161146,31.6220137
3,11,0.4,1,10.63665302,37.53261967
3,12,0.4,1,11.50384801,43.99492371
3,13,0.4,1,12.36954013,51.01050338
3,14,0.4,1,13.23515723,58.58092354
3,15,0.4,1,14.10185756,66.70772302
3,16,0.4,1,14.97081684,75.3923836
3,17,0.4,1,15.84248071,84.63629898
4,0,0.4,1,0,2.791843349
4,1,0.4,1,1.03111154,3.604292104
4,2,0.4,1,2.203305791,4.72595
4,3,0.4,1,3.289291852,6.328738521
4,4,0.4,1,4.304029861,8.446007971
4,5,0.4,1,5.269999111,11.09177643
4,6,0.4,1,6.202730526,14.27343806
4,7,0.4,1,7.112640014,17.9956022
4,8,0.4,1,8.006811177,22.26151895
4,9,0.4,1,8.890030579,27.07369432
4,10,0.4,1,9.765676291,32.43418501
4,11,0.4,1,10.63613834,38.34475202
4,12,0.4,1,11.50310958,44.80694654
4,13,0.4,1,0,58.58092354
4,14,0.4,1,0,66.70772302
4,15,0.4,1,0,75.3923836
4,16,0.4,1,0,84.63629898
5,0,0.4,1,0,3.604292104
5,1,0.4,1,1.031088008,4.416731539
5,2,0.4,1,2.203274178,5.53838685
5,3,0.4,1,3.289257702,7.141172998
5,4,0.4,1,4.303992009,9.258439881
5,5,0.4,1,5.26995912,11.90420556
5,6,0.4,1,6.202685213,15.08586421
5,7,0.4,1,7.112598549,18.8080252
5,8,0.4,1,8.006758984,23.07393866
5,9,0.4,1,8.889975941,27.88611061
5,10,0.4,1,9.765650109,33.24659778
5,11,0.4,1,10.63609375,39.15716119
5,12,0.4,1,11.50329787,45.61942028
5,13,0.4,1,12.36885819,52.63494958
5,14,0.4,1,13.23447437,60.20530893
5,15,0.4,1,14.10113365,68.33203074
6,0,0.4,1,0,4.416731539
6,1,0.4,1,1.031085804,5.229170052
6,2,0.4,1,2.203271284,6.350825108
6,3,0.4,1,3.289253764,7.953611023
6,4,0.4,1,4.303987672,10.07087765
6,5,0.4,1,5.269955056,12.71664306
6,6,0.4,1,6.20267995,15.89830142
6,7,0.4,1,7.112587278,19.6204621
6,8,0.4,1,8.006750984,23.88637524
6,9,0.4,1,8.889968637,28.69854686
6,10,0.4,1,9.765644066,34.05903369
6,11,0.4,1,10.63610632,39.96959675
6,12,0.4,1,11.50306415,46.43178724
6,13,0.4,1,0,60.20530893
6,14,0.4,1,0,68.33203074
7,0,0.4,1,0,5.229170052
7,1,0.4,1,1.031085353,6.041608474
7,2,0.4,1,2.203270983,7.163263505
7,3,0.4,1,3.289253548,8.766049397
7,4,0.4,1,4.303987806,10.883316
7,5,0.4,1,5.269955473,13.52908138
7,6,0.4,1,6.202675739,16.71073971
7,7,0.4,1,7.112587416,20.43290036
7,8,0.4,1,8.006772654,24.69881347
7,9,0.4,1,8.889979299,29.51098506
7,10,0.4,1,9.76564285,34.87147186
7,11,0.4,1,10.63608376,40.78203488
7,12,0.4,1,11.50327851,47.24429357
7,13,0.4,1,12.36891155,54.25982245
8,0,0.4,1,0,6.041608474
8,1,0.4,1,1.031085157,6.854046887
8,2,0.4,1,2.203271352,7.975701916
8,3,0.4,1,3.289253273,9.578487806
8,4,0.4,1,4.303987789,11.69575441
8,5,0.4,1,5.269955893,14.34151979
8,6,0.4,1,6.202678114,17.52317811
8,7,0.4,1,7.112595472,21.24533876
8,8,0.4,1,8.006759249,25.51125187
8,9,0.4,1,8.889981229,30.32342345
8,10,0.4,1,9.7656328,35.68391024
8,11,0.4,1,10.63606357,41.59447327
8,12,0.4,1,11.50307052,48.05666372
9,0,0.4,1,0,6.854046887
9,1,0.4,1,1.031085514,7.6664853
9,2,0.4,1,2.203270776,8.788140328
9,3,0.4,1,3.28925395,10.39092622
9,4,0.4,1,4.303987365,12.50819282
9,5,0.4,1,5.269954857,15.1539582
9,6,0.4,1,6.20267864,18.33561652
9,7,0.4,1,7.1125887,22.05777717
9,8,0.4,1,8.006738823,26.32369028
9,9,0.4,1,8.88996229,31.13586186
9,10,0.4,1,9.765628661,36.49634865
9,11,0.4,1,10.63609173,42.40691167
10,0,0.4,1,0,7.6664853
10,1,0.4,1,1.031085875,8.478923712
10,2,0.4,1,2.203271146,9.600578741
10,3,0.4,1,3.289252885,11.20336463
10,4,0.4,1,4.303987946,13.32063123
10,5,0.4,1,5.269955319,15.96639661
10,6,0.4,1,6.202680444,19.14805493
10,7,0.4,1,7.11259059,22.87021558
10,8,0.4,1,8.00677402,27.13612869
10,9,0.4,1,8.889968003,31.94830027
10,10,0.4,1,9.765620947,37.30878707
11,0,0.4,1,0,8.478923712
11,1,0.4,1,1.031085833,9.291362124
11,2,0.4,1,2.203270191,10.41301715
11,3,0.4,1,3.289253523,12.01580304
11,4,0.4,1,4.303987175,14.13306965
11,5,0.4,1,5.269954977,16.77883502
11,6,0.4,1,6.202679475,19.96049335
11,7,0.4,1,7.112589195,23.68265399
11,8,0.4,1,8.006765091,27.9485671
11,9,0.4,1,8.889983174,32.76073868
12,0,0.4,1,0,9.291362124
12,1,0.4,1,1.03108527,10.10380054
12,2,0.4,1,2.20327201,11.22545557
12,3,0.4,1,3.289252928,12.82824145
12,4,0.4,1,4.303986974,14.94550806
12,5,0.4,1,5.269955204,17.59127343
12,6,0.4,1,6.202687614,20.77293176
12,7,0.4,1,7.112591134,24.49509241
12,8,0.4,1,8.006768416,28.76100551
13,0,0.4,1,0,10.10380054
13,1,0.4,1,1.031086343,10.91623895
13,2,0.4,1,2.203271407,12.03789398
13,3,0.4,1,3.28925391,13.64067987
13,4,0.4,1,4.303987251,15.75794647
13,5,0.4,1,5.269954527,18.40371185
13,6,0.4,1,6.20267896,21.58537017
13,7,0.4,1,7.112590556,25.30753082
14,0,0.4,1,0,10.91623895
14,1,0.4,1,1.031085377,11.72867736
14,2,0.4,1,2.20327091,12.85033239
14,3,0.4,1,3.289254082,14.45311828
14,4,0.4,1,4.3039882,16.57038488
14,5,0.4,1,5.269955204,19.21615026
14,6,0.4,1,6.202678842,22.39780858
15,0,0.4,1,0,11.72867736
15,1,0.4,1,1.03108543,12.54111577
15,2,0.4,1,2.203270591,13.6627708
15,3,0.4,1,3.289254183,15.26555669
15,4,0.4,1,4.303990226,17.38282329
15,5,0.4,1,5.269955659,20.02858867
16,0,0.4,1,0,12.54111577
16,1,0.4,1,1.031085973,13.35355419
16,2,0.4,1,2.203271291,14.47520921
16,3,0.4,1,3.289253292,16.0779951
16,4,0.4,1,4.303989278,18.19526171
17,0,0.4,1,0,13.35355419
17,1,0.4,1,1.031084908,14.1659926
17,2,0.4,1,2.203271086,15.28764763
17,3,0.4,1,3.289253205,16.89043352
18,0,0.4,1,0,14.1659926
18,1,0.4,1,1.03108543,14.97843101
18,2,0.4,1,2.203269504,16.10008604
19,0,0.4,1,0,14.97843101
19,1,0.4,1,1.031085364,15.79086942
20,0,0.4,1,0,15.79086942
0,0,0.5,1,nan,0
0,1,0.5,1,nan,0.5
0,2,0.5,1,nan,1.5
0,3,0.5,1,nan,3
0,4,0.5,1,nan,5
0,5,0.5,1,nan,7.5
0,6,0.5,1,nan,10.5
0,7,0.5,1,nan,14
0,8,0.5,1,nan,18
0,9,0.5,1,nan,22.5
0,10,0.5,1,nan,27.5
0,11,0.5,1,nan,33
0,12,0.5,1,nan,39
0,13,0.5,1,nan,45.5
0,14,0.5,1,nan,52.5
0,15,0.5,1,nan,60
0,16,0.5,1,nan,68
0,17,0.5,1,nan,76.5
0,18,0.5,1,nan,85.5
0,19,0.5,1,nan,95
0,20,0.5,1,nan,105
1,0,0.5,1,0,0.5
1,1,0.5,1,0.693146772,1.34657359
1,2,0.5,1,1.757112136,2.489685601
1,3,0.5,1,2.825782085,4.024747397
1,4,0.5,1,3.855047532,5.980256593
1,5,0.5,1,4.849204458,8.370887093
1,6,0.5,1,5.81636066,11.20494529
1,7,0.5,1,6.76318481,14.48769012
1,8,0.5,1,7.694709728,18.22276543
1,9,0.5,1,8.614672819,22.41287882
1,10,0.5,1,9.525874036,27.06015435
1,11,0.5,1,10.43044047,32.16632968
1,12,0.5,1,11.32990942,37.73287299
1,13,0.5,1,12.22553293,43.76105604
1,14,0.5,1,13.11828671,50.25200173
1,15,0.5,1,14.00885859,57.2067164
1,16,0.5,1,14.89780845,64.62611259
1,17,0.5,1,15.78558886,72.51102543
1,18,0.5,1,16.67264364,80.86222501
1,19,0.5,1,17.5592169,89.68042581
2,0,0.5,1,0,1.34657359
2,1,0.5,1,0.826901026,2.260024369
2,2,0.5,1,1.902226549,3.406832829
2,3,0.5,1,2.952235719,4.940607198
2,4,0.5,1,3.958718414,6.893747391
2,5,0.5,1,4.92978874,9.28108566
2,6,0.5,1,5.874213913,12.11078954
2,7,0.5,1,6.798804514,15.38800161
2,8,0.5,1,7.708669838,19.11629569
2,9,0.5,1,8.607564628,23.29834709
2,10,0.5,1,9.498330445,27.9362746
2,11,0.5,1,10.3830951,33.03182923
2,12,0.5,1,11.26333798,38.5865049
2,13,0.5,1,0,50.25200173
2,14,0.5,1,0,57.2067164
2,15,0.5,1,0,64.62611259
2,16,0.5,1,0,72.51102543
2,17,0.5,1,0,80.86222501
2,18,0.5,1,0,89.68042581
3,0,0.5,1,0,2.260024369
3,1,0.5,1,0.83012953,3.175089375
3,2,0.5,1,1.904804489,4.321691362
3,3,0.5,1,2.954045713,5.855272245
3,4,0.5,1,3.95980146,7.8082288
3,5,0.5,1,4.930222821,10.19537427
3,6,0.5,1,5.874032634,13.02486545
3,7,0.5,1,6.798052926,16.30183907
3,8,0.5,1,7.707360264,20.02986581
3,9,0.5,1,8.605750961,24.21161934
3,10,0.5,1,9.495990556,28.84921781
3,11,0.5,1,10.38021446,33.94441214
3,12,0.5,1,11.26027113,39.49876928
3,13,0.5,1,12.13786791,45.51377706
3,14,0.5,1,13.01463195,51.99087567
3,15,0.5,1,13.89181512,58.93144864
3,16,0.5,1,14.77033497,66.33680035
3,17,0.5,1,15.65085199,74.20813553
4,0,0.5,1,0,3.175089375
4,1,0.5,1,0.829949426,4.090064353
4,2,0.5,1,1.904541923,5.23663828
4,3,0.5,1,2.953748913,6.770198264
4,4,0.5,1,3.959481276,8.723134399
4,5,0.5,1,4.929883973,11.11025878
4,6,0.5,1,5.873686849,13.93972796
4,7,0.5,1,6.797694976,17.21667867
4,8,0.5,1,7.706976536,20.94468163
4,9,0.5,1,8.605356975,25.12641059
4,10,0.5,1,9.495593175,29.76398376
4,11,0.5,1,10.37981266,34.85915209
4,12,0.5,1,11.25960354,40.41340987
4,13,0.5,1,0,51.99087567
4,14,0.5,1,0,58.93144864
4,15,0.5,1,0,66.33680035
4,16,0.5,1,0,74.20813553
5,0,0.5,1,0,4.090064353
5,1,0.5,1,0.829924712,5.005027094
5,2,0.5,1,1.904508129,6.151598011
5,3,0.5,1,2.953712339,7.6851557
5,4,0.5,1,3.959442421,9.638089555
5,5,0.5,1,4.929843546,12.02521157
5,6,0.5,1,5.87364409,14.85467829
5,7,0.5,1,6.7976515,18.13162646
5,8,0.5,1,7.706952854,21.85962681
5,9,0.5,1,8.605320243,26.04135309
5,10,0.5,1,9.495566815,30.67892354
5,11,0.5,1,10.3798048,35.77408911
5,12,0.5,1,11.25981952,41.32841575
5,13,0.5,1,12.13740139,47.34338853
5,14,0.5,1,13.01410994,53.8204434
5,15,0.5,1,13.89118503,60.76095866
6,0,0.5,1,0,5.005027094
6,1,0.5,1,0.829922556,5.919988523
6,2,0.5,1,1.904504227,7.066559109
6,3,0.5,1,2.9537089,8.600116544
6,4,0.5,1,3.959437589,10.55305015
6,5,0.5,1,4.929839059,12.9401719
6,6,0.5,1,5.873637363,15.76963835
6,7,0.5,1,6.797649038,19.04658624
6,8,0.5,1,7.70694056,22.77458629
6,9,0.5,1,8.605310365,26.95631229
6,10,0.5,1,9.495554748,31.59388243
6,11,0.5,1,10.37977518,36.6890477
6,12,0.5,1,11.25955518,42.24330238
6,13,0.5,1,0,53.8204434
6,14,0.5,1,0,60.76095866
7,0,0.5,1,0,5.919988523
7,1,0.5,1,0.829922084,6.834949807
7,2,0.5,1,1.904504413,7.981520357
7,3,0.5,1,2.953707809,9.515077764
7,4,0.5,1,3.959437608,11.46801134
7,5,0.5,1,4.929838724,13.85513306
7,6,0.5,1,5.8736365,16.68459948
7,7,0.5,1,6.797649305,19.96154734
7,8,0.5,1,7.706937687,23.68954736
7,9,0.5,1,8.605315286,27.87127332
7,10,0.5,1,9.495557563,32.50884343
7,11,0.5,1,10.37976907,37.60400867
7,12,0.5,1,11.25982005,43.15833495
7,13,0.5,1,12.13741644,49.17330738
8,0,0.5,1,0,6.834949807
8,1,0.5,1,0.829921858,7.749911076
8,2,0.5,1,1.904504174,8.896481621
8,3,0.5,1,2.953707656,10.43003903
8,4,0.5,1,3.959437377,12.3829726
8,5,0.5,1,4.9298364,14.77009432
8,6,0.5,1,5.873638989,17.59956074
8,7,0.5,1,6.7976515,20.87650859
8,8,0.5,1,7.706943249,24.60450861
8,9,0.5,1,8.605316688,28.78623456
8,10,0.5,1,9.495539815,33.42380467
8,11,0.5,1,10.37978126,38.5189699
8,12,0.5,1,11.25955882,44.07322454
9,0,0.5,1,0,7.749911076
9,1,0.5,1,0.829921738,8.664872342
9,2,0.5,1,1.904503972,9.811442887
9,3,0.5,1,2.953708076,11.34500029
9,4,0.5,1,3.959437763,13.29793386
9,5,0.5,1,4.929837975,15.68505558
9,6,0.5,1,5.873639063,18.514522
9,7,0.5,1,6.797641663,21.79146985
9,8,0.5,1,7.706940033,25.51946987
9,9,0.5,1,8.605308734,29.70119583
9,10,0.5,1,9.495565091,34.33876593
9,11,0.5,1,10.37976006,39.43393116
10,0,0.5,1,0,8.664872342
10,1,0.5,1,0.82992222,9.579833609
10,2,0.5,1,1.904503696,10.72640415
10,3,0.5,1,2.953707953,12.25996156
10,4,0.5,1,3.959437628,14.21289513
10,5,0.5,1,4.929839554,16.60001685
10,6,0.5,1,5.873637049,19.42948327
10,7,0.5,1,6.797650417,22.70643112
10,8,0.5,1,7.706942076,26.43443114
10,9,0.5,1,8.605305035,30.61615709
10,10,0.5,1,9.495566633,35.2537272
11,0,0.5,1,0,9.579833609
11,1,0.5,1,0.829921634,10.49479488
11,2,0.5,1,1.904504493,11.64136542
11,3,0.5,1,2.953707632,13.17492282
11,4,0.5,1,3.959437354,15.12785639
11,5,0.5,1,4.929837824,17.51497811
11,6,0.5,1,5.87363956,20.34444453
11,7,0.5,1,6.797644847,23.62139238
11,8,0.5,1,7.706937579,27.3493924
11,9,0.5,1,8.605312599,31.53111836
12,0,0.5,1,0,10.49479488
12,1,0.5,1,0.829921734,11.40975614
12,2,0.5,1,1.904504543,12.55632669
12,3,0.5,1,2.953707138,14.08988409
12,4,0.5,1,3.959437562,16.04281766
12,5,0.5,1,4.929840324,18.42993938
12,6,0.5,1,5.873637679,21.2594058
12,7,0.5,1,6.797651482,24.53635365
12,8,0.5,1,7.706936653,28.26435367
13,0,0.5,1,0,11.40975614
13,1,0.5,1,0.829922371,12.32471741
13,2,0.5,1,1.904503829,13.47128795
13,3,0.5,1,2.953708121,15.00484536
13,4,0.5,1,3.959437704,16.95777893
13,5,0.5,1,4.92983621,19.34490065
13,6,0.5,1,5.873636878,22.17436707
13,7,0.5,1,6.79764298,25.45131492
14,0,0.5,1,0,12.32471741
14,1,0.5,1,0.82992211,13.23967867
14,2,0.5,1,1.904504027,14.38624922
14,3,0.5,1,2.953708541,15.91980662
14,4,0.5,1,3.95943749,17.87274019
14,5,0.5,1,4.929837654,20.25986191
14,6,0.5,1,5.873636404,23.08932833
15,0,0.5,1,0,13.23967867
15,1,0.5,1,0.829922371,14.15463994
15,2,0.5,1,1.904503779,15.30121049
15,3,0.5,1,2.953706715,16.83476789
15,4,0.5,1,3.95943704,18.78770146
15,5,0.5,1,4.929838096,21.17482318
16,0,0.5,1,0,14.15463994
16,1,0.5,1,0.829921643,15.06960121
16,2,0.5,1,1.9045049,16.21617175
16,3,0.5,1,2.953708541,17.74972916
16,4,0.5,1,3.959437911,19.70266273
17,0,0.5,1,0,15.06960121
17,1,0.5,1,0.82992246,15.98456247
17,2,0.5,1,1.904503259,17.13113302
17,3,0.5,1,2.953708688,18.66469042
18,0,0.5,1,0,15.98456247
18,1,0.5,1,0.829922314,16.89952374
18,2,0.5,1,1.904504063,18.04609429
19,0,0.5,1,0,16.89952374
19,1,0.5,1,0.829922314,17.81448501
20,0,0.5,1,0,17.81448501
0,0,0.6,1,nan,0
0,1,0.6,1,nan,0.6
0,2,0.6,1,nan,1.6
0,3,0.6,1,nan,3
0,4,0.6,1,nan,4.8
0,5,0.6,1,nan,7
0,6,0.6,1,nan,9.6
0,7,0.6,1,nan,12.6
0,8,0.6,1,nan,16
0,9,0.6,1,nan,19.8
0,10,0.6,1,nan,24
0,11,0.6,1,nan,28.6
0,12,0.6,1,nan,33.6
0,13,0.6,1,nan,39
0,14,0.6,1,nan,44.8
0,15,0.6,1,nan,51
0,16,0.6,1,nan,57.6
0,17,0.6,1,nan,64.6
0,18,0.6,1,nan,72
0,19,0.6,1,nan,79.8
0,20,0.6,1,nan,88
1,0,0.6,1,0,0.6
1,1,0.6,1,0.510825591,1.506495374
1,2,0.6,1,1.445089974,2.656221617
1,3,0.6,1,2.450596952,4.114478421
1,4,0.6,1,3.451762107,5.902624521
1,5,0.6,1,4.435518219,8.033512453
1,6,0.6,1,5.40211173,10.51503529
1,7,0.6,1,6.354083675,13.35237989
1,8,0.6,1,7.294035215,16.54919451
1,9,0.6,1,8.224255882,20.10819115
1,10,0.6,1,9.14664658,24.03147781
1,11,0.6,1,10.06274894,28.32075328
1,12,0.6,1,10.97379186,32.97742745
1,13,0.6,1,11.88075026,38.00269873
1,14,0.6,1,12.78445528,43.39760599
1,15,0.6,1,13.6855735,49.16306431
1,16,0.6,1,14.58460078,55.29989049
1,17,0.6,1,15.48200428,61.80882165
1,18,0.6,1,16.37811958,68.69052909
1,19,0.6,1,17.27335086,75.94562888
2,0,0.6,1,0,1.506495374
2,1,0.6,1,0.650349434,2.496705067
2,2,0.6,1,1.618879994,3.657158683
2,3,0.6,1,2.614708289,5.116519536
2,4,0.6,1,3.596179072,6.903498317
2,5,0.6,1,4.558160957,9.03212245
2,6,0.6,1,5.502740907,11.5104692
2,7,0.6,1,6.432914025,14.34373377
2,8,0.6,1,7.351497544,17.53554417
2,9,0.6,1,8.260827922,21.08859602
2,10,0.6,1,9.162840097,25.00499114
2,11,0.6,1,10.05911438,29.28643193
2,12,0.6,1,10.95083552,33.93433972
2,13,0.6,1,0,43.39760599
2,14,0.6,1,0,49.16306431
2,15,0.6,1,0,55.29989049
2,16,0.6,1,0,61.80882165
2,17,0.6,1,0,68.69052909
2,18,0.6,1,0,75.94562888
3,0,0.6,1,0,2.496705067
3,1,0.6,1,0.659636533,3.492487027
3,2,0.6,1,1.628882937,4.653134768
3,3,0.6,1,2.623976831,6.11244469
3,4,0.6,1,3.604499974,7.899359815
3,5,0.6,1,4.565539454,10.02792192
3,6,0.6,1,5.509232881,12.50620107
3,7,0.6,1,6.438574938,15.33938538
3,8,0.6,1,7.356349294,18.53109775
3,9,0.6,1,8.26490909,22.0840305
3,10,0.6,1,9.166205485,26.00028337
3,11,0.6,1,10.06176353,30.28155762
3,12,0.6,1,10.95311843,34.92935189
3,13,0.6,1,11.84186012,39.94506231
3,14,0.6,1,12.72948273,45.33000809
3,15,0.6,1,13.61717056,51.08542351
3,16,0.6,1,14.50580799,57.21244282
3,17,0.6,1,15.39597625,63.71208968
4,0,0.6,1,0,3.492487027
4,1,0.6,1,0.659803857,4.48836935
4,2,0.6,1,1.62902553,5.649006836
4,3,0.6,1,2.624089782,7.108308123
4,4,0.6,1,3.604588257,8.895216566
4,5,0.6,1,4.565605894,11.02377301
4,6,0.6,1,5.509281999,13.50204694
4,7,0.6,1,6.43860603,16.33522614
4,8,0.6,1,7.356365391,19.52693332
4,9,0.6,1,8.264917192,23.07986068
4,10,0.6,1,9.166193725,26.99610789
4,11,0.6,1,10.06174296,31.27737614
4,12,0.6,1,10.95277102,35.92508621
4,13,0.6,1,0,45.33000809
4,14,0.6,1,0,51.08542351
4,15,0.6,1,0,57.21244282
4,16,0.6,1,0,63.71208968
5,0,0.6,1,0,4.48836935
5,1,0.6,1,0.65979487,5.484246371
5,2,0.6,1,1.629011821,6.644882177
5,3,0.6,1,2.6240742,8.104182438
5,4,0.6,1,3.604571215,9.891090017
5,5,0.6,1,4.565591752,12.01964565
5,6,0.6,1,5.509263856,14.49791879
5,7,0.6,1,6.438592192,17.3310972
5,8,0.6,1,7.356346,20.5228036
5,9,0.6,1,8.264896621,24.07573017
5,10,0.6,1,9.166174151,27.9919766
5,11,0.6,1,10.06170371,32.27324407
5,12,0.6,1,10.95303435,36.9210302
5,13,0.6,1,11.84177689,41.93672872
5,14,0.6,1,12.72936426,47.32165536
5,15,0.6,1,13.616962,53.07704047
6,0,0.6,1,0,5.484246371
6,1,0.6,1,0.659793742,6.480122523
6,2,0.6,1,1.629010185,7.640758131
6,3,0.6,1,2.624071429,9.100058265
6,4,0.6,1,3.604568841,10.88696573
6,5,0.6,1,4.565588869,13.01552126
6,6,0.6,1,5.509261372,15.49379429
6,7,0.6,1,6.438588091,18.32697259
6,8,0.6,1,7.35634952,21.51867888
6,9,0.6,1,8.264893032,25.07160535
6,10,0.6,1,9.1661669,28.98785166
6,11,0.6,1,10.06172134,33.26911903
6,12,0.6,1,10.95275268,37.91682822
6,13,0.6,1,0,47.32165536
6,14,0.6,1,0,53.07704047
7,0,0.6,1,0,6.480122523
7,1,0.6,1,0.659793303,7.475998573
7,2,0.6,1,1.629009626,8.636634156
7,3,0.6,1,2.624071477,10.09593428
7,4,0.6,1,3.604568966,11.88284173
7,5,0.6,1,4.565587508,14.01139724
7,6,0.6,1,5.509262445,16.48967025
7,7,0.6,1,6.438586901,19.32284854
7,8,0.6,1,7.356349863,22.51455482
7,9,0.6,1,8.264892332,26.06748127
7,10,0.6,1,9.166173725,29.98372757
7,11,0.6,1,10.06174306,34.26499492
7,12,0.6,1,10.95303819,38.91278092
7,13,0.6,1,11.84181629,43.92847931
8,0,0.6,1,0,7.475998573
8,1,0.6,1,0.65979334,8.47187461
8,2,0.6,1,1.629009222,9.63251019
8,3,0.6,1,2.624071477,11.09181031
8,4,0.6,1,3.604567852,12.87871776
8,5,0.6,1,4.565588103,15.00727327
8,6,0.6,1,5.509262307,17.48554628
8,7,0.6,1,6.438586787,20.31872457
8,8,0.6,1,7.356341716,23.51043084
8,9,0.6,1,8.264885251,27.06335729
8,10,0.6,1,9.16617331,30.97960359
8,11,0.6,1,10.06171603,35.26087094
8,12,0.6,1,10.95276544,39.90858011
9,0,0.6,1,0,8.47187461
9,1,0.6,1,0.659793257,9.467750646
9,2,0.6,1,1.629009267,10.62838623
9,3,0.6,1,2.62407249,12.08768634
9,4,0.6,1,3.60456995,13.87459379
9,5,0.6,1,4.565586504,16.0031493
9,6,0.6,1,5.509262526,18.48142232
9,7,0.6,1,6.438585416,21.3146006
9,8,0.6,1,7.356343066,24.50630688
9,9,0.6,1,8.264890593,28.05923333
9,10,0.6,1,9.166183611,31.97547963
9,11,0.6,1,10.06171445,36.25674697
10,0,0.6,1,0,9.467750646
10,1,0.6,1,0.659793389,10.46362668
10,2,0.6,1,1.629009066,11.62426226
10,3,0.6,1,2.624071069,13.08356238
10,4,0.6,1,3.604567376,14.87046983
10,5,0.6,1,4.565585773,16.99902534
10,6,0.6,1,5.5092637,19.47729835
10,7,0.6,1,6.438587729,22.31047664
10,8,0.6,1,7.356345279,25.50218291
10,9,0.6,1,8.264892633,29.05510936
10,10,0.6,1,9.16618213,32.97135566
11,0,0.6,1,0,10.46362668
11,1,0.6,1,0.659793863,11.45950272
11,2,0.6,1,1.629009967,12.6201383
11,3,0.6,1,2.624070855,14.07943841
11,4,0.6,1,3.604568324,15.86634587
11,5,0.6,1,4.565587813,17.99490137
11,6,0.6,1,5.509261267,20.47317439
11,7,0.6,1,6.438587119,23.30635267
11,8,0.6,1,7.3563426,26.49805895
11,9,0.6,1,8.264890063,30.0509854
12,0,0.6,1,0,11.45950272
12,1,0.6,1,0.65979328,12.45537875
12,2,0.6,1,1.629009376,13.61601433
12,3,0.6,1,2.624071272,15.07531445
12,4,0.6,1,3.604569859,16.8622219
12,5,0.6,1,4.565588198,18.99077741
12,6,0.6,1,5.509259557,21.46905042
12,7,0.6,1,6.438589422,24.30222871
12,8,0.6,1,7.356345593,27.49393498
13,0,0.6,1,0,12.45537875
13,1,0.6,1,0.659793442,13.45125479
13,2,0.6,1,1.629009219,14.61189037
13,3,0.6,1,2.624070672,16.07119048
13,4,0.6,1,3.604568815,17.85809794
13,5,0.6,1,4.565589985,19.98665344
13,6,0.6,1,5.509257854,22.46492646
13,7,0.6,1,6.438586738,25.29810474
14,0,0.6,1,0,13.45125479
14,1,0.6,1,0.65979376,14.44713082
14,2,0.6,1,1.629009545,15.6077664
14,3,0.6,1,2.624071424,17.06706652
14,4,0.6,1,3.604568716,18.85397397
14,5,0.6,1,4.565590921,20.98252948
14,6,0.6,1,5.509260533,23.46080249
15,0,0.6,1,0,14.44713082
15,1,0.6,1,0.659793748,15.44300686
15,2,0.6,1,1.629008834,16.60364244
15,3,0.6,1,2.624071647,18.06294255
15,4,0.6,1,3.604567461,19.84985001
15,5,0.6,1,4.565587654,21.97840551
16,0,0.6,1,0,15.44300686
16,1,0.6,1,0.659793262,16.43888289
16,2,0.6,1,1.629009597,17.59951847
16,3,0.6,1,2.624072646,19.05881859
16,4,0.6,1,3.604569742,20.84572604
17,0,0.6,1,0,16.43888289
17,1,0.6,1,0.659793274,17.43475893
17,2,0.6,1,1.629009517,18.59539451
17,3,0.6,1,2.624071883,20.05469463
18,0,0.6,1,0,17.43475893
18,1,0.6,1,0.659794054,18.43063496
18,2,0.6,1,1.6290086,19.59127054
19,0,0.6,1,0,18.43063496
19,1,0.6,1,0.659793214,19.426511
20,0,0.6,1,0,19.426511
0,0,0.7,1,nan,0
0,1,0.7,1,nan,0.7
0,2,0.7,1,nan,1.7
0,3,0.7,1,nan,3
0,4,0.7,1,nan,4.6
0,5,0.7,1,nan,6.5
0,6,0.7,1,nan,8.7
0,7,0.7,1,nan,11.2
0,8,0.7,1,nan,14
0,9,0.7,1,nan,17.1
0,10,0.7,1,nan,20.5
0,11,0.7,1,nan,24.2
0,12,0.7,1,nan,28.2
0,13,0.7,1,nan,32.5
0,14,0.7,1,nan,37.1
0,15,0.7,1,nan,42
0,16,0.7,1,nan,47.2
0,17,0.7,1,nan,52.7
0,18,0.7,1,nan,58.5
0,19,0.7,1,nan,64.6
0,20,0.7,1,nan,71
1,0,0.7,1,0,0.7
1,1,0.7,1,0.356673715,1.649672461
1,2,0.7,1,1.148038191,2.790623275
1,3,0.7,1,2.064789415,4.16219485
1,4,0.7,1,3.015554064,5.777650197
1,5,0.7,1,3.970619134,7.646283174
1,6,0.7,1,4.921732775,9.774498739
1,7,0.7,1,5.866741254,12.166754
1,8,0.7,1,6.805359786,14.82628693
1,9,0.7,1,7.738015349,17.75554717
1,10,0.7,1,8.665469817,20.95645298
1,11,0.7,1,9.588271081,24.43055061
1,12,0.7,1,10.50715269,28.17911722
1,13,0.7,1,11.4226755,32.20322973
1,14,0.7,1,12.33528635,36.50381223
1,15,0.7,1,13.24562036,41.08166964
1,16,0.7,1,14.15389586,45.93751212
1,17,0.7,1,15.06047237,51.07197316
1,18,0.7,1,15.96563352,56.48562325
1,19,0.7,1,16.86958811,62.17898039
2,0,0.7,1,0,1.649672461
2,1,0.7,1,0.488535517,2.691648295
2,2,0.7,1,1.337981481,3.852041518
2,3,0.7,1,2.259589912,5.228815721
2,4,0.7,1,3.197157557,6.845207
2,5,0.7,1,4.133769449,8.712998955
2,6,0.7,1,5.064861493,10.83929964
2,7,0.7,1,5.989415438,13.22880817
2,8,0.7,1,6.907679285,15.88485739
2,9,0.7,1,7.82029695,18.8099389
2,10,0.7,1,8.728027283,22.00599315
2,11,0.7,1,9.631537355,25.47458152
2,12,0.7,1,10.53157264,29.21699428
2,13,0.7,1,11.42866377,33.23432138
2,14,0.7,1,0,41.08166964
2,15,0.7,1,0,45.93751212
2,16,0.7,1,0,51.07197316
2,17,0.7,1,0,56.48562325
2,18,0.7,1,0,62.17898039
3,0,0.7,1,0,2.691648295
3,1,0.7,1,0.50543269,3.745452009
3,2,0.7,1,1.359042759,4.907222688
3,3,0.7,1,2.280912971,6.284387567
3,4,0.7,1,3.217635181,7.900959007
3,5,0.7,1,4.153111428,9.768873342
3,6,0.7,1,5.083012861,11.89527255
3,7,0.7,1,6.006368528,14.28486348
3,8,0.7,1,6.923509059,16.94097975
3,9,0.7,1,7.835044878,19.86611195
3,10,0.7,1,8.741679035,23.06219928
3,11,0.7,1,9.644218261,26.53080207
3,12,0.7,1,10.54327674,30.27320988
3,13,0.7,1,11.4396102,34.29055049
3,14,0.7,1,12.33420774,38.58385656
3,15,0.7,1,13.22778007,43.15409205
3,16,0.7,1,14.12131772,48.0021562
3,17,0.7,1,15.01538753,53.12887953
4,0,0.7,1,0,3.745452009
4,1,0.7,1,0.506618988,4.800086172
4,2,0.7,1,1.36053892,5.961961146
4,3,0.7,1,2.282471433,7.339168304
4,4,0.7,1,3.219179017,8.955769261
4,5,0.7,1,4.154620839,10.82371016
4,6,0.7,1,5.084475832,12.95013519
4,7,0.7,1,6.007788712,15.33975172
4,8,0.7,1,6.924888174,17.99589343
4,9,0.7,1,7.836384061,20.92105083
4,10,0.7,1,8.742977707,24.117163
4,11,0.7,1,9.645468494,27.5857902
4,12,0.7,1,10.5445064,31.3282219
4,13,0.7,1,0,38.58385656
4,14,0.7,1,0,43.15409205
4,15,0.7,1,0,48.0021562
4,16,0.7,1,0,53.12887953
5,0,0.7,1,0,4.800086172
5,1,0.7,1,0.506708913,5.854783173
5,2,0.7,1,1.360660504,7.016669306
5,3,0.7,1,2.28260374,8.393882286
5,4,0.7,1,3.219314646,10.01048775
5,5,0.7,1,4.154758768,11.87843277
5,6,0.7,1,5.084616712,14.00486178
5,7,0.7,1,6.00792699,16.39448225
5,8,0.7,1,6.925024212,19.05062787
5,9,0.7,1,7.836513845,21.97578917
5,10,0.7,1,8.743109398,25.17190523
5,11,0.7,1,9.64559871,28.64053629
5,12,0.7,1,10.54502838,32.3830571
5,13,0.7,1,11.44264091,36.40073695
5,14,0.7,1,12.33970688,40.69475006
5,15,0.7,1,13.23713453,45.26616468
6,0,0.7,1,0,5.854783173
6,1,0.7,1,0.506718321,6.909486896
6,2,0.7,1,1.360674433,8.071374556
6,3,0.7,1,2.282619879,9.448588399
6,4,0.7,1,3.219331875,11.06519454
6,5,0.7,1,4.154775091,12.93314017
6,6,0.7,1,5.084633106,15.05956977
6,7,0.7,1,6.007946658,17.44919082
6,8,0.7,1,6.92504382,20.105337
6,9,0.7,1,7.836533822,23.03049886
6,10,0.7,1,8.743131797,26.22661548
6,11,0.7,1,9.645629583,29.69524711
6,12,0.7,1,10.54465319,33.43768324
6,13,0.7,1,0,40.69475006
6,14,0.7,1,0,45.26616468
7,0,0.7,1,0,6.909486896
7,1,0.7,1,0.506719765,7.96419154
7,2,0.7,1,1.360675804,9.126079426
7,3,0.7,1,2.2826223,10.5032934
7,4,0.7,1,3.219334694,12.11989964
7,5,0.7,1,4.154775934,13.98784536
7,6,0.7,1,5.084634946,16.11427505
7,7,0.7,1,6.007945314,18.50389618
7,8,0.7,1,6.925045958,21.16004245
7,9,0.7,1,7.836532446,24.08520439
7,10,0.7,1,8.743127169,27.28132109
7,11,0.7,1,9.645618352,30.7499528
7,12,0.7,1,10.54505052,34.49247427
7,13,0.7,1,11.44263397,38.51015491
8,0,0.7,1,0,7.96419154
8,1,0.7,1,0.506719825,9.01889632
8,2,0.7,1,1.360676966,10.18078424
8,3,0.7,1,2.282622546,11.55799823
8,4,0.7,1,3.219335076,13.17460449
8,5,0.7,1,4.154778028,15.04255022
8,6,0.7,1,5.084637193,17.16897993
8,7,0.7,1,6.007946111,19.55860107
8,8,0.7,1,6.925045625,22.21474735
8,9,0.7,1,7.836535526,25.1399093
8,10,0.7,1,8.743133163,28.33602602
8,11,0.7,1,9.645634442,31.80465774
8,12,0.7,1,10.54464672,35.54709396
9,0,0.7,1,0,9.01889632
9,1,0.7,1,0.506719955,10.07360112
9,2,0.7,1,1.360676869,11.23548904
9,3,0.7,1,2.28262315,12.61270304
9,4,0.7,1,3.219336516,14.2293093
9,5,0.7,1,4.154777054,16.09725503
9,6,0.7,1,5.084633383,18.22368474
9,7,0.7,1,6.007944642,20.61330588
9,8,0.7,1,6.92504575,23.26945216
9,9,0.7,1,7.836535325,26.19461412
9,10,0.7,1,8.743126375,29.39073084
9,11,0.7,1,9.645617431,32.85936256
10,0,0.7,1,0,10.07360112
10,1,0.7,1,0.506719716,11.12830592
10,2,0.7,1,1.360676821,12.29019385
10,3,0.7,1,2.282623146,13.66740784
10,4,0.7,1,3.219333918,15.2840141
10,5,0.7,1,4.154776747,17.15195984
10,6,0.7,1,5.084638842,19.27838955
10,7,0.7,1,6.007944728,21.66801069
10,8,0.7,1,6.925047584,24.32415697
10,9,0.7,1,7.836535913,27.24931893
10,10,0.7,1,8.743133833,30.44543564
11,0,0.7,1,0,11.12830592
11,1,0.7,1,0.506720103,12.18301073
11,2,0.7,1,1.360676988,13.34489865
11,3,0.7,1,2.282622569,14.72211265
11,4,0.7,1,3.219333696,16.33871891
11,5,0.7,1,4.154778319,18.20666464
11,6,0.7,1,5.084634034,20.33309435
11,7,0.7,1,6.007950329,22.72271549
11,8,0.7,1,6.925044685,25.37886177
11,9,0.7,1,7.836537912,28.30402373
12,0,0.7,1,0,12.18301073
12,1,0.7,1,0.506720103,13.23771553
12,2,0.7,1,1.360677311,14.39960346
12,3,0.7,1,2.282622701,15.77681745
12,4,0.7,1,3.219334911,17.39342371
12,5,0.7,1,4.154777539,19.26136945
12,6,0.7,1,5.084633692,21.38779915
12,7,0.7,1,6.007948253,23.7774203
12,8,0.7,1,6.925048018,26.43356658
13,0,0.7,1,0,13.23771553
13,1,0.7,1,0.506719651,14.29242033
13,2,0.7,1,1.360676834,15.45430826
13,3,0.7,1,2.282621868,16.83152225
13,4,0.7,1,3.219333918,18.44812852
13,5,0.7,1,4.154778684,20.31607425
13,6,0.7,1,5.084633364,22.44250396
13,7,0.7,1,6.007945141,24.8321251
14,0,0.7,1,0,14.29242033
14,1,0.7,1,0.506720281,15.34712514
14,2,0.7,1,1.360676664,16.50901306
14,3,0.7,1,2.282623191,17.88622706
14,4,0.7,1,3.219333917,19.50283332
14,5,0.7,1,4.15477711,21.37077905
14,6,0.7,1,5.08463708,23.49720876
15,0,0.7,1,0,15.34712514
15,1,0.7,1,0.506719731,16.40182994
15,2,0.7,1,1.360676536,17.56371787
15,3,0.7,1,2.282621965,18.94093186
15,4,0.7,1,3.219334996,20.55753812
15,5,0.7,1,4.154776295,22.42548386
16,0,0.7,1,0,16.40182994
16,1,0.7,1,0.506720247,17.45653474
16,2,0.7,1,1.360677377,18.61842267
16,3,0.7,1,2.282622036,19.99563666
16,4,0.7,1,3.219335381,21.61224293
17,0,0.7,1,0,17.45653474
17,1,0.7,1,0.506719827,18.51123955
17,2,0.7,1,1.360677044,19.67312747
17,3,0.7,1,2.282621965,21.05034147
18,0,0.7,1,0,18.51123955
18,1,0.7,1,0.506719958,19.56594435
18,2,0.7,1,1.360676311,20.72783228
19,0,0.7,1,0,19.56594435
19,1,0.7,1,0.506720475,20.62064916
20,0,0.7,1,0,20.62064916
0,0,0.8,1,nan,0
0,1,0.8,1,nan,0.8
0,2,0.8,1,nan,1.8
0,3,0.8,1,nan,3
0,4,0.8,1,nan,4.4
0,5,0.8,1,nan,6
0,6,0.8,1,nan,7.8
0,7,0.8,1,nan,9.8
0,8,0.8,1,nan,12
0,9,0.8,1,nan,14.4
0,10,0.8,1,nan,17
0,11,0.8,1,nan,19.8
0,12,0.8,1,nan,22.8
0,13,0.8,1,nan,26
0,14,0.8,1,nan,29.4
0,15,0.8,1,nan,33
0,16,0.8,1,nan,36.8
0,17,0.8,1,nan,40.8
0,18,0.8,1,nan,45
0,19,0.8,1,nan,49.4
0,20,0.8,1,nan,54
1,0,0.8,1,0,0.8
1,1,0.8,1,0.223143531,1.778514841
1,2,0.8,1,0.8543221,2.893806263
1,3,0.8,1,1.649149897,4.164656843
1,4,0.8,1,2.51699503,5.597553248
1,5,0.8,1,3.415351028,7.197361754
1,6,0.8,1,4.327245675,8.968088198
1,7,0.8,1,5.245165833,10.91279007
1,8,0.8,1,6.165466865,13.03381343
1,9,0.8,1,7.086327237,15.33299925
1,10,0.8,1,8.006731159,17.81182528
1,11,0.8,1,8.926230219,20.47150226
1,12,0.8,1,9.844586673,23.31304029
1,13,0.8,1,10.76172883,26.33729554
1,14,0.8,1,11.67764844,29.54500388
1,15,0.8,1,12.59247915,32.93680547
1,16,0.8,1,13.50623076,36.51326331
1,17,0.8,1,14.41903312,40.27487724
1,18,0.8,1,15.33097115,44.22209479
1,19,0.8,1,16.24214087,48.35531969
2,0,0.8,1,0,1.778514841
2,1,0.8,1,0.332259189,2.844322271
2,2,0.8,1,1.041334771,3.986679777
2,3,0.8,1,1.86035074,5.268125732
2,4,0.8,1,2.726466531,6.705294686
2,5,0.8,1,3.613110259,8.306539517
2,6,0.8,1,4.509276228,10.07713954
2,7,0.8,1,5.40981872,12.02069887
2,8,0.8,1,6.312102335,14.13983159
2,9,0.8,1,7.214740773,16.43652306
2,10,0.8,1,8.117050999,18.91233503
2,11,0.8,1,9.01868057,21.56853075
2,12,0.8,1,9.919368086,24.40615546
2,13,0.8,1,10.81917341,27.42609045
2,14,0.8,1,0,32.93680547
2,15,0.8,1,0,36.51326331
2,16,0.8,1,0,40.27487724
2,17,0.8,1,0,44.22209479
2,18,0.8,1,0,48.35531969
3,0,0.8,1,0,2.844322271
3,1,0.8,1,0.356237677,3.929312404
3,2,0.8,1,1.076005556,5.07549247
3,3,0.8,1,1.898378114,6.358440778
3,4,0.8,1,2.7648916,7.79638827
3,5,0.8,1,3.650873444,9.398130789
3,6,0.8,1,4.545845413,11.16909487
3,7,0.8,1,5.445063601,13.11294392
3,8,0.8,1,6.345952968,15.23231928
3,9,0.8,1,7.247203583,17.52921992
3,10,0.8,1,8.148128362,20.00521483
3,11,0.8,1,9.048354217,22.66157136
3,12,0.8,1,9.947785353,25.49933714
3,13,0.8,1,10.846586,28.51943993
3,14,0.8,1,11.74530877,31.72273569
3,15,0.8,1,12.64466035,35.11001786
3,16,0.8,1,13.54505324,38.68201228
3,17,0.8,1,14.44694916,42.43937169
4,0,0.8,1,0,3.929312404
4,1,0.8,1,0.35957846,5.01697503
4,2,0.8,1,1.080842705,6.163695905
4,3,0.8,1,1.903785759,7.446887306
4,4,0.8,1,2.770476429,8.884983238
4,5,0.8,1,3.656478644,10.48683681
4,6,0.8,1,4.551399714,12.25789403
4,7,0.8,1,5.450533418,14.20182637
4,8,0.8,1,6.351324959,16.32127898
4,9,0.8,1,7.252467689,18.61825276
4,10,0.8,1,8.153270092,21.09431779
4,11,0.8,1,9.053413507,23.75074201
4,12,0.8,1,9.95272093,26.58857342
4,13,0.8,1,10.8511543,29.60869509
4,14,0.8,1,0,35.11001786
4,15,0.8,1,0,38.68201228
4,16,0.8,1,0,42.43937169
5,0,0.8,1,0,5.01697503
5,1,0.8,1,0.360049935,6.105015036
5,2,0.8,1,1.081551816,7.251822754
5,3,0.8,1,1.904599328,8.53505716
5,4,0.8,1,2.771331758,9.973181379
5,5,0.8,1,3.657305479,11.57505712
5,6,0.8,1,4.55227671,13.34613347
5,7,0.8,1,5.451408717,15.29008319
5,8,0.8,1,6.352192672,17.40955208
5,9,0.8,1,7.253329453,19.70654139
5,10,0.8,1,8.154128546,22.18262141
5,11,0.8,1,9.054262091,24.83906019
5,12,0.8,1,9.953562108,27.67690581
5,13,0.8,1,10.85225068,30.69708585
5,14,0.8,1,11.75086927,33.9004556
5,15,0.8,1,12.65003008,37.28780752
6,0,0.8,1,0,6.105015036
6,1,0.8,1,0.360125653,7.193115625
6,2,0.8,1,1.081669538,8.339938632
6,3,0.8,1,1.90473571,9.623180977
6,4,0.8,1,2.771478177,11.06131057
6,5,0.8,1,3.657455277,12.6631906
6,6,0.8,1,4.552427844,14.43427065
6,7,0.8,1,5.451561295,16.37822376
6,8,0.8,1,6.35234324,18.49769582
6,9,0.8,1,7.253478772,20.79468817
6,10,0.8,1,8.154274178,23.27077111
6,11,0.8,1,9.054404028,25.92721273
6,12,0.8,1,9.953709578,28.76506112
6,13,0.8,1,10.85210783,31.78519939
6,14,0.8,1,0,37.28780752
7,0,0.8,1,0,7.193115625
7,1,0.8,1,0.360138885,8.281226879
7,2,0.8,1,1.081690094,9.428052702
7,3,0.8,1,1.904760473,10.71129654
7,4,0.8,1,2.771503829,12.14942716
7,5,0.8,1,3.657483847,13.75130799
7,6,0.8,1,4.552455905,15.52238876
7,7,0.8,1,5.451592772,17.46634251
7,8,0.8,1,6.352376064,19.58581519
7,9,0.8,1,7.253508681,21.88280811
7,10,0.8,1,8.154300271,24.35889161
7,11,0.8,1,9.054426861,27.01533377
7,12,0.8,1,9.953731522,29.85318269
7,13,0.8,1,10.85243622,32.87336599
8,0,0.8,1,0,8.281226879
8,1,0.8,1,0.360141723,9.369340098
8,2,0.8,1,1.081694045,10.51616645
8,3,0.8,1,1.904765268,11.79941057
8,4,0.8,1,2.771509902,13.23754138
8,5,0.8,1,3.657486798,14.83942237
8,6,0.8,1,4.552460558,16.61050328
8,7,0.8,1,5.451595046,18.55445715
8,8,0.8,1,6.352380662,20.67392994
8,9,0.8,1,7.253518679,22.97092297
8,10,0.8,1,8.154305019,25.44700658
8,11,0.8,1,9.054431613,28.10344884
8,12,0.8,1,9.953731216,30.94129787
9,0,0.8,1,0,9.369340098
9,1,0.8,1,0.360142109,10.45745369
9,2,0.8,1,1.081694465,11.60428014
9,3,0.8,1,1.904765583,12.88752431
9,4,0.8,1,2.771511729,14.32565516
9,5,0.8,1,3.657488447,15.92753618
9,6,0.8,1,4.55246213,17.69861711
9,7,0.8,1,5.451591721,19.642571
9,8,0.8,1,6.352376677,21.76204382
9,9,0.8,1,7.253514077,24.05903687
9,10,0.8,1,8.154311966,26.5351205
9,11,0.8,1,9.054445079,29.19156278
10,0,0.8,1,0,10.45745369
10,1,0.8,1,0.360141845,11.54556734
10,2,0.8,1,1.081694462,12.69239381
10,3,0.8,1,1.904764623,13.97563799
10,4,0.8,1,2.771511233,15.41376885
10,5,0.8,1,3.657487046,17.01564988
10,6,0.8,1,4.552462931,18.78673081
10,7,0.8,1,5.451596734,20.73068471
10,8,0.8,1,6.352381887,22.85015753
10,9,0.8,1,7.253512222,25.14715059
10,10,0.8,1,8.154315552,27.62323422
11,0,0.8,1,0,11.54556734
11,1,0.8,1,0.360141844,12.63368101
11,2,0.8,1,1.081694743,13.78050749
11,3,0.8,1,1.904766638,15.06375167
11,4,0.8,1,2.7715117,16.50188253
11,5,0.8,1,3.657535016,18.10376356
11,6,0.8,1,4.552460867,19.87484449
11,7,0.8,1,5.451593105,21.81879839
11,8,0.8,1,6.352379551,23.93827121
11,9,0.8,1,7.253511831,26.23526427
12,0,0.8,1,0,12.63368101
12,1,0.8,1,0.360142026,13.72179469
12,2,0.8,1,1.081694864,14.86862116
12,3,0.8,1,1.904765802,16.15186534
12,4,0.8,1,2.771510689,17.5899962
12,5,0.8,1,3.657487602,19.19187723
12,6,0.8,1,4.552459155,20.96295816
12,7,0.8,1,5.451593479,22.90691207
12,8,0.8,1,6.352375716,25.02638488
13,0,0.8,1,0,13.72179469
13,1,0.8,1,0.360141986,14.80990836
13,2,0.8,1,1.081694829,15.95673483
13,3,0.8,1,1.904766734,17.23997902
13,4,0.8,1,2.771510782,18.67810987
13,5,0.8,1,3.657535223,20.2799909
13,6,0.8,1,4.55245992,22.05107184
13,7,0.8,1,5.451597983,23.99502574
14,0,0.8,1,0,14.80990836
14,1,0.8,1,0.360142208,15.89802203
14,2,0.8,1,1.081694466,17.04484851
14,3,0.8,1,1.904766157,18.32809269
14,4,0.8,1,2.771508772,19.76622355
14,5,0.8,1,3.657490857,21.36810458
14,6,0.8,1,4.552462115,23.13918551
15,0,0.8,1,0,15.89802203
15,1,0.8,1,0.360142132,16.98613571
15,2,0.8,1,1.081693845,18.13296218
15,3,0.8,1,1.904765925,19.41620636
15,4,0.8,1,2.771508661,20.85433722
15,5,0.8,1,3.657533601,22.45621825
16,0,0.8,1,0,16.98613571
16,1,0.8,1,0.360142121,18.07424938
16,2,0.8,1,1.081694351,19.22107585
16,3,0.8,1,1.904766257,20.50432004
16,4,0.8,1,2.771510794,21.94245089
17,0,0.8,1,0,18.07424938
17,1,0.8,1,0.360142381,19.16236305
17,2,0.8,1,1.081694638,20.30918953
17,3,0.8,1,1.904765711,21.59243371
18,0,0.8,1,0,19.16236305
18,1,0.8,1,0.360142216,20.25047673
18,2,0.8,1,1.081694296,21.3973032
19,0,0.8,1,0,20.25047673
19,1,0.8,1,0.360141923,21.3385904
20,0,0.8,1,0,21.3385904
0,0,0.9,1,nan,0
0,1,0.9,1,nan,0.9
0,2,0.9,1,nan,1.9
0,3,0.9,1,nan,3
0,4,0.9,1,nan,4.2
0,5,0.9,1,nan,5.5
0,6,0.9,1,nan,6.9
0,7,0.9,1,nan,8.4
0,8,0.9,1,nan,10
0,9,0.9,1,nan,11.7
0,10,0.9,1,nan,13.5
0,11,0.9,1,nan,15.4
0,12,0.9,1,nan,17.4
0,13,0.9,1,nan,19.5
0,14,0.9,1,nan,21.7
0,15,0.9,1,nan,24
0,16,0.9,1,nan,26.4
0,17,0.9,1,nan,28.9
0,18,0.9,1,nan,31.5
0,19,0.9,1,nan,34.2
0,20,0.9,1,nan,37
1,0,0.9,1,0,0.9
1,1,0.9,1,0.105359789,1.894824464
1,2,0.9,1,0.542881813,2.965418293
1,3,0.9,1,1.162573955,4.116144818
1,4,0.9,1,1.888641551,5.34939221
1,5,0.9,1,2.675460806,6.66634869
1,6,0.9,1,3.498619717,8.068342445
1,7,0.9,1,4.345051809,9.556608904
1,8,0.9,1,5.207512835,11.13219994
1,9,0.9,1,6.081234987,12.79599943
1,10,0.9,1,6.963189784,14.54875376
1,11,0.9,1,7.851324947,16.39109883
1,12,0.9,1,8.744202816,18.32358171
1,13,0.9,1,9.640750413,20.34667749
1,14,0.9,1,10.54021116,22.46080243
1,15,0.9,1,11.44201409,24.66632421
1,16,0.9,1,12.34568295,26.96356998
1,17,0.9,1,13.25090973,29.3528328
1,18,0.9,1,14.1574064,31.83437682
1,19,0.9,1,15.06495844,34.40844146
2,0,0.9,1,0,1.894824464
2,1,0.9,1,0.173573592,2.951041056
2,2,0.9,1,0.695808014,4.048978754
2,3,0.9,1,1.35982831,5.213897533
2,4,0.9,1,2.101530566,6.454936484
2,5,0.9,1,2.888810645,7.776291178
2,6,0.9,1,3.704851688,9.180694584
2,7,0.9,1,4.540417135,10.67008591
2,8,0.9,1,5.389872948,12.24590861
2,9,0.9,1,6.249398711,13.90928226
2,10,0.9,1,7.116673821,15.6611035
2,11,0.9,1,7.989894939,17.50210852
2,12,0.9,1,8.867782197,19.43291389
2,13,0.9,1,9.749416114,21.45404446
2,14,0.9,1,10.63411252,23.56595313
2,15,0.9,1,0,26.96356998
2,16,0.9,1,0,29.3528328
2,17,0.9,1,0,31.83437682
2,18,0.9,1,0,34.40844146
3,0,0.9,1,0,2.951041056
3,1,0.9,1,0.198794065,4.02995576
3,2,0.9,1,0.741550033,5.135015505
3,3,0.9,1,1.415467919,6.303389683
3,4,0.9,1,2.161531447,7.546434996
3,5,0.9,1,2.95035098,8.869104042
3,6,0.9,1,3.766645667,10.27444275
3,7,0.9,1,4.601614178,11.76453861
3,8,0.9,1,5.45012879,13.34091468
3,9,0.9,1,6.308521711,15.00473711
3,10,0.9,1,7.174476723,16.75693147
3,11,0.9,1,8.046323023,18.59825282
3,12,0.9,1,8.922762809,20.52933052
3,13,0.9,1,9.80299084,22.55069835
3,14,0.9,1,10.68641535,24.66284295
3,15,0.9,1,11.57324067,26.86622484
3,16,0.9,1,12.46326375,29.16127763
3,17,0.9,1,13.35696857,31.54840033
4,0,0.9,1,0,4.02995576
4,1,0.9,1,0.205259906,5.114689686
4,2,0.9,1,0.752861275,6.221461387
4,3,0.9,1,1.429284101,7.390704086
4,4,0.9,1,2.176607336,8.634285489
4,5,0.9,1,2.966050001,9.957330038
4,6,0.9,1,3.782618179,11.36295501
4,7,0.9,1,4.617729237,12.85328208
4,8,0.9,1,5.46616296,14.42985291
4,9,0.9,1,6.324453853,16.09384461
4,10,0.9,1,7.190269061,17.84618971
4,11,0.9,1,8.061923452,19.68764781
4,12,0.9,1,8.938169431,21.61885139
4,13,0.9,1,9.818211676,23.64033644
4,14,0.9,1,10.70130064,25.7525639
4,15,0.9,1,0,29.16127763
4,16,0.9,1,0,31.54840033
5,0,0.9,1,0,5.114689686
5,1,0.9,1,0.206804357,6.20081681
5,2,0.9,1,0.755612263,7.308016441
5,3,0.9,1,1.432690961,8.477484951
5,4,0.9,1,2.180367435,9.721210599
5,5,0.9,1,2.969999694,11.04435917
5,6,0.9,1,3.786670976,12.45006542
5,7,0.9,1,4.621831086,13.94045951
5,8,0.9,1,5.470291472,15.51708778
5,9,0.9,1,6.328567584,17.18113017
5,10,0.9,1,7.194361626,18.93352097
5,11,0.9,1,8.066005205,20.77502099
5,12,0.9,1,8.942221498,22.70626351
5,13,0.9,1,9.822218243,24.72778512
5,14,0.9,1,10.70543875,26.8400742
5,15,0.9,1,11.59189679,29.04359241
6,0,0.9,1,0,6.20081681
6,1,0.9,1,0.20719968,7.28729185
6,2,0.9,1,0.756310213,8.394602437
6,3,0.9,1,1.433563792,9.564130787
6,4,0.9,1,2.181337303,10.8078953
6,5,0.9,1,2.971025196,12.13107227
6,6,0.9,1,3.787724572,13.53680091
6,7,0.9,1,4.622902322,15.02721363
6,8,0.9,1,5.47137329,16.60385796
6,9,0.9,1,6.329650711,18.26791459
6,10,0.9,1,7.19544464,20.02031829
6,11,0.9,1,8.067083573,21.86183016
6,12,0.9,1,8.943294917,23.79308373
6,13,0.9,1,9.823287751,25.81461574
6,14,0.9,1,10.70627399,27.92688765
7,0,0.9,1,0,7.28729185
7,1,0.9,1,0.207296403,8.373857077
7,2,0.9,1,0.756492177,9.481197032
7,3,0.9,1,1.433792999,10.65074139
7,4,0.9,1,2.181591692,11.89451638
7,5,0.9,1,2.971294825,13.21770104
7,6,0.9,1,3.788002318,14.62343579
7,7,0.9,1,4.623186108,16.11385359
7,8,0.9,1,5.471657327,17.69050232
7,9,0.9,1,6.329939004,19.35456286
7,10,0.9,1,7.195736207,21.10697009
7,11,0.9,1,8.067370174,22.94848523
7,12,0.9,1,8.943576708,24.87974184
7,13,0.9,1,9.82360243,26.90127671
8,0,0.9,1,0,8.373857077
8,1,0.9,1,0.207323227,9.460446173
8,2,0.9,1,0.756540602,10.56779398
8,3,0.9,1,1.433853686,11.73734264
8,4,0.9,1,2.181660108,12.98112045
8,5,0.9,1,2.971367811,14.30430719
8,6,0.9,1,3.788077184,15.71004359
8,7,0.9,1,4.623261868,17.20046277
8,8,0.9,1,5.471735978,18.77711269
8,9,0.9,1,6.330015307,20.44117429
8,10,0.9,1,7.195806788,22.19358249
8,11,0.9,1,8.067448798,24.03509852
8,12,0.9,1,8.943648921,25.96635596
9,0,0.9,1,0,9.460446173
9,1,0.9,1,0.207330155,10.54704165
9,2,0.9,1,0.756554357,11.65439157
9,3,0.9,1,1.433869375,12.82394138
9,4,0.9,1,2.181678207,14.06771996
9,5,0.9,1,2.971386996,15.39090726
9,6,0.9,1,3.788097638,16.7966441
9,7,0.9,1,4.623283832,18.28706366
9,8,0.9,1,5.471756145,19.8637139
9,9,0.9,1,6.33003295,21.52777579
9,10,0.9,1,7.195829457,23.28018425
9,11,0.9,1,8.0674612,25.12170051
10,0,0.9,1,0,10.54704165
10,1,0.9,1,0.207332109,11.63363884
10,2,0.9,1,0.75655806,12.74098932
10,3,0.9,1,1.433874492,13.91053945
10,4,0.9,1,2.181684527,15.15431823
10,5,0.9,1,2.971391673,16.47750569
10,6,0.9,1,3.788105869,17.88324265
10,7,0.9,1,4.623290039,19.37366231
10,8,0.9,1,5.471764112,20.95031264
10,9,0.9,1,6.330042514,22.6143746
10,10,0.9,1,7.195845457,24.36678313
11,0,0.9,1,0,11.63363884
11,1,0.9,1,0.207332641,12.72023649
11,2,0.9,1,0.756558465,13.82758713
11,3,0.9,1,1.433876424,14.99713734
11,4,0.9,1,2.181684184,16.24091618
11,5,0.9,1,2.971392933,17.56410367
11,6,0.9,1,3.788105652,18.96984067
11,7,0.9,1,4.623285915,20.46026035
11,8,0.9,1,5.471761849,22.03691071
11,9,0.9,1,6.330043313,23.70097269
12,0,0.9,1,0,12.72023649
12,1,0.9,1,0.207332641,13.80683427
12,2,0.9,1,0.756559308,14.91418495
12,3,0.9,1,1.433876106,16.08373518
12,4,0.9,1,2.181682998,17.32751403
12,5,0.9,1,2.971395048,18.65070154
12,6,0.9,1,3.788102558,20.05643855
12,7,0.9,1,4.623290609,21.54685823
12,8,0.9,1,5.471760949,23.1235086
13,0,0.9,1,0,13.80683427
13,1,0.9,1,0.207332819,14.89343208
13,2,0.9,1,0.756558542,16.00078277
13,3,0.9,1,1.433876192,17.17033301
13,4,0.9,1,2.181685751,18.41411187
13,5,0.9,1,2.971394698,19.73729938
13,6,0.9,1,3.788103146,21.14303638
13,7,0.9,1,4.623294386,22.63345607
14,0,0.9,1,0,14.89343208
14,1,0.9,1,0.207332641,15.9800299
14,2,0.9,1,0.756559117,17.08738059
14,3,0.9,1,1.433876249,18.25693083
14,4,0.9,1,2.181685024,19.50070969
14,5,0.9,1,2.971391338,20.8238972
14,6,0.9,1,3.788101715,22.22963421
15,0,0.9,1,0,15.9800299
15,1,0.9,1,0.207332819,17.06662772
15,2,0.9,1,0.756558418,18.17397842
15,3,0.9,1,1.433875904,19.34352866
15,4,0.9,1,2.181687581,20.58730751
15,5,0.9,1,2.971393765,21.91049503
16,0,0.9,1,0,17.06662772
16,1,0.9,1,0.207332819,18.15322555
16,2,0.9,1,0.756559524,19.26057624
16,3,0.9,1,1.433876797,20.43012648
16,4,0.9,1,2.181685253,21.67390534
17,0,0.9,1,0,18.15322555
17,1,0.9,1,0.207332464,19.23982337
17,2,0.9,1,0.756559545,20.34717406
17,3,0.9,1,1.433876076,21.5167243
18,0,0.9,1,0,19.23982337
18,1,0.9,1,0.207332819,20.32642119
18,2,0.9,1,0.756559683,21.43377189
19,0,0.9,1,0,20.32642119
19,1,0.9,1,0.207332819,21.41301902
20,0,0.9,1,0,21.41301902